ACTIONID,Count,高危機.死亡,TIPVDA,X1.4.5.6,X1,X2,X3,X4,X5,X6,X7,X8,X9,X10,X11,X12,X13,X14,X15,家暴因素.不良嗜好.賭博.出入不正當場所,家暴因素.個性.生活習慣不合,家暴因素.其他,家暴因素.子女教養問題,家暴因素.性生活不協調,家暴因素.感情.外遇問題,家暴因素.施用毒品.禁藥或迷幻物品,家暴因素.照顧壓力,家暴因素.疑似或罹患精神疾病,家暴因素.經濟狀況不佳,家暴因素.親屬間相處問題,家暴因素.財務問題,家暴因素.財務支配或借貸問題,家暴因素.酗酒,成人家庭暴力兩造關係,被害人婚姻狀態,暴力型態.性暴力,暴力型態.精神暴力,暴力型態.經濟暴力,暴力型態.肢體暴力,使用武器,施暴武器說明,自殺意念,自殺行為,受暴持續總月數,求助時間差.小時,MAIMED,AGE,OCCUPATION,EDUCATION,lng,lat,district,town,Count_plus
DV00680469,1,0,4,1,1,0,1,0,0,0,0,0,0,0,0,0,1,0,1,0,1,0,0,0,0,0,0,0,0,0,0,0,0,4,2,0,0,0,1,0,,0,0,36,36,1,22,,6,121.5683528,25.0249438,信義區,六合里,1
DVP0183629,1,0,6,3,1,0,0,0,1,1,1,0,0,0,0,1,0,0,1,0,1,0,1,1,0,0,0,0,0,1,0,0,0,1,1,0,0,0,1,1,藤條,0,0,120,4,1,43,家庭管理,9,121.5028328,25.0295757,萬華區,新忠里,1
DV00711454,1,0,6,3,1,1,1,1,1,0,0,0,0,0,0,1,0,0,0,0,0,0,1,0,0,0,0,0,0,0,0,0,0,12,4,0,0,0,1,0,,0,0,0,16,1,44,專門職業,9,121.5146647,25.055567,大同區,星明里,1
DVP0197594,1,0,0,0,0,0,0,0,0,0,0,0,0,0,0,0,0,0,0,0,0,0,0,0,0,0,0,0,0,0,0,1,0,2,1,0,1,0,0,0,,0,0,0,1634,1,44,無工作,6,121.588213,25.043227,南港區,成福里,1
DVP0205744,1,0,2,1,1,0,0,0,0,0,1,0,0,0,0,0,0,0,0,0,0,0,0,0,1,0,0,0,0,0,0,0,1,3,2,0,0,0,1,0,,0,0,0,9,1,23,,5,121.5389749,25.0304551,大安區,新龍里,1
DI00404933,1,1,1,1,0,0,0,0,0,1,0,0,0,0,0,0,0,0,0,0,1,0,0,0,0,0,0,0,0,0,0,0,0,6,2,0,0,0,1,0,,1,0,0,21,1,48,其他,9,121.5889161,25.0386236,南港區,百福里,1
DVP0145632,1,0,2,0,0,0,0,0,0,0,0,0,0,0,1,1,0,0,0,0,1,0,0,0,1,0,0,0,0,0,0,0,0,6,2,0,0,0,1,NA,,NA,NA,0,3,1,50,其他,9,121.4981755,25.0248422,萬華區,全德里,1
DVP0198752,1,0,0,0,0,0,0,0,0,0,0,0,0,0,0,0,0,0,0,0,0,0,0,0,1,0,0,0,1,0,0,0,1,6,2,0,1,0,0,0,,0,0,0,8,1,62,,9,121.5107639,25.0688882,大同區,鄰江里,1
DVP0149353,1,0,0,0,0,0,0,0,0,0,0,0,0,0,0,0,0,0,0,0,1,0,0,0,0,0,0,0,0,0,0,0,0,1,1,0,0,0,1,0,,0,0,0,9,1,42,,5,121.6164154,25.0768379,內湖區,安泰里,1
DV00724677,1,0,1,0,0,0,1,0,0,0,0,0,0,0,0,0,0,0,0,0,1,0,0,0,0,0,0,0,0,0,0,0,0,1,1,0,1,0,1,0,,0,0,6,30,1,36,,6,121.5517363,25.0453827,松山區,敦化里,1
DVP0208222,1,0,0,0,0,0,0,0,0,0,0,0,0,0,0,0,0,0,0,0,1,0,0,0,1,0,0,0,0,0,0,0,0,4,2,0,1,0,1,0,,0,0,0,7,1,33,不詳,5,121.5622255,24.9841366,文山區,順興里,1
DV00723840,1,0,3,0,0,0,0,0,0,0,0,0,0,1,1,0,0,0,1,0,0,0,0,0,0,0,0,1,1,0,0,0,0,6,2,0,1,0,1,1,衣服,0,0,4,9,1,42,其他,5,121.553956,24.987248,文山區,華興里,1
DVP0167585,1,0,0,0,0,0,0,0,0,0,0,0,0,0,0,0,0,0,0,0,0,0,0,0,0,0,0,0,0,0,0,1,0,4,NA,0,0,0,1,0,,0,0,0,3,1,33,不詳,4,121.5598289,25.0461842,松山區,復盛里,1
DVP0152268,1,0,2,0,0,0,0,0,0,0,0,0,0,0,1,1,0,0,0,0,0,0,0,0,1,1,0,0,0,0,0,1,0,4,2,0,0,0,1,0,,0,0,12,6,1,43,服務業,9,121.511266,25.060467,大同區,大有里,1
DI00409164,1,1,9,4,1,0,1,1,1,1,0,0,0,0,1,1,1,1,0,0,1,0,1,0,0,0,0,0,0,1,0,1,0,1,1,0,1,0,1,0,,0,0,122,10,1,31,家庭管理,9,121.5689734,25.0464947,信義區,雅祥里,1
DVP0199944,1,1,9,4,1,0,0,1,1,1,1,0,0,0,0,1,1,1,1,0,1,0,1,0,0,0,0,0,0,1,0,0,0,1,1,0,1,0,1,1,偶拿刀或物品,0,0,120,1,1,61,無工作,9,121.556042,25.044476,大安區,華聲里,1
DV00668500,1,0,1,0,0,0,0,0,0,0,0,0,0,0,1,0,0,0,0,0,0,0,0,0,0,0,0,0,0,0,0,1,0,1,1,0,1,0,0,NA,,NA,NA,0,4,2,45,家庭管理,3,121.518604,25.090747,士林區,後港里,1
DI00404721,1,0,3,2,0,0,0,1,0,1,0,0,0,0,1,0,0,0,0,0,1,0,0,0,0,0,0,0,0,0,0,0,0,1,1,0,0,0,1,1,,0,0,0,0,1,43,專門職業,4,121.5618248,25.0576571,松山區,三民里,1
DV00691924,1,1,8,4,1,0,0,1,1,1,0,0,0,0,1,1,0,1,1,0,1,0,0,0,0,0,0,1,0,0,0,0,0,1,1,0,1,0,1,0,,0,0,324,9,1,51,退休,5,121.5619846,25.0575138,松山區,三民里,1
DVP0208126,1,0,4,2,0,0,1,0,1,1,0,0,0,0,0,1,0,0,0,0,1,0,0,0,0,0,0,0,0,0,0,0,0,1,1,0,0,0,1,0,,0,0,0,5,1,38,不詳,6,121.5106663,25.0767047,大同區,老師里,1
DVP0198346,1,0,1,0,0,0,0,0,0,0,0,0,1,0,0,0,0,0,0,0,1,0,0,0,0,1,0,0,1,0,0,0,0,1,1,0,0,0,1,0,,0,0,1,2,2,51,不詳,3,121.5285978,25.1243234,北投區,永欣里,1
DVP0169698,1,1,3,1,0,0,0,0,0,1,1,0,0,0,1,0,0,0,0,0,0,0,0,0,1,0,0,0,0,0,0,0,0,3,2,0,1,0,0,0,,0,0,18,10,1,32,服務業,6,121.519475,25.0844049,士林區,百齡里,1
DVP0161730,1,1,8,3,0,0,0,1,1,1,1,0,1,0,0,1,1,1,0,0,1,0,0,0,0,0,0,0,0,0,0,0,0,6,2,0,1,0,0,NA,,0,0,0,19,1,22,不詳,5,121.5395009,25.026466,大安區,龍生里,1
DVP0213735,1,0,4,2,1,0,0,1,0,0,0,0,1,0,0,0,0,0,1,0,1,0,0,0,0,0,0,0,0,0,0,0,1,1,1,0,0,0,1,0,,0,0,96,7,1,45,商業,9,121.5999363,25.0576977,南港區,重陽里,1
DVP0164493,1,0,0,0,0,0,0,0,0,0,0,0,0,0,0,0,0,0,0,0,1,0,0,0,0,0,0,0,0,0,0,0,0,1,1,0,1,0,1,0,,0,0,0,1,1,56,服務業,9,121.5103835,25.079035,士林區,富光里,1
DVP0172051,1,0,4,0,0,0,0,0,0,0,1,0,0,1,1,1,0,0,0,0,1,0,0,0,0,0,0,0,0,0,0,0,0,2,1,0,0,0,1,0,,0,0,0,855,1,18,其他,9,121.4926909,25.0344188,萬華區,華江里,1
DVP0148296,1,0,0,0,0,0,0,0,0,0,0,0,0,0,0,0,0,0,0,0,0,0,1,0,1,0,0,0,0,0,0,0,0,1,1,0,0,0,1,0,,0,0,1,3,1,24,服務業,7,121.575947,25.0837429,內湖區,港華里,1
DVP0155335,1,0,0,0,0,0,0,0,0,0,0,0,0,0,0,0,0,0,0,0,1,0,0,0,0,0,0,0,0,0,0,0,0,1,1,0,0,0,1,0,,0,0,24,7,1,47,商業,5,121.5477044,25.0468634,松山區,福成里,1
DV00681063,1,0,0,0,0,0,0,0,0,0,0,0,0,0,0,0,0,0,0,0,0,0,0,0,1,0,0,0,0,0,0,0,0,4,2,0,0,0,1,0,,1,1,0,19,1,35,教,7,121.5535,25.0833692,中山區,成功里,1
DV00592006,1,0,3,1,0,1,0,1,0,0,0,0,0,0,1,0,0,0,0,0,0,0,0,0,0,0,0,0,0,0,0,1,0,1,1,0,0,0,1,1,皮帶,0,0,0,22,1,43,不詳,5,121.5698851,25.0223884,信義區,泰和里,1
DVP0209226,1,0,2,0,0,0,0,0,0,0,0,0,1,0,0,1,0,0,0,0,0,0,0,0,0,0,0,0,0,0,0,0,1,1,1,0,1,0,0,0,,0,0,12,11,1,33,不詳,5,121.580025,25.081263,內湖區,港富里,1
DVP0200266,1,0,0,0,0,0,0,0,0,0,0,0,0,0,0,0,0,0,0,0,1,0,0,0,1,0,0,1,0,0,0,0,0,11,4,0,1,0,0,0,,0,0,0,3,1,50,不詳,4,121.5284232,25.1068251,士林區,忠誠里,1
DVP0169559,1,0,0,0,0,0,0,0,0,0,0,0,0,0,0,0,0,0,0,0,0,0,0,0,0,0,0,0,1,0,0,0,0,1,1,0,0,0,1,0,,0,0,0,9,1,43,,3,121.5041634,25.027193,萬華區,新和里,1
DVP0184640,1,0,0,0,0,0,0,0,0,0,0,0,0,0,0,0,0,0,0,0,0,0,0,1,1,0,0,0,0,0,0,0,0,1,1,0,0,0,1,0,,0,0,0,7,1,36,不詳,6,121.522429,25.054265,中山區,民安里,1
DI00403012,1,1,7,3,1,0,0,0,1,1,1,0,0,1,1,0,0,1,0,0,0,0,0,0,0,1,0,0,0,0,0,0,0,1,1,0,0,0,1,0,,0,0,2,2,1,36,服務業,3,121.502975,25.0303855,萬華區,頂碩里,1
DVP0138123,1,0,6,3,0,0,0,1,1,1,0,0,0,0,0,0,1,1,1,0,1,0,0,0,0,0,0,0,0,0,0,0,0,6,4,0,1,0,0,0,,1,1,1,13,1,38,無工作,3,121.4917065,25.0316353,萬華區,綠堤里,1
DVP0178893,1,0,0,0,0,0,0,0,0,0,0,0,0,0,0,0,0,0,0,0,0,0,0,0,0,0,0,0,0,0,0,0,1,6,2,0,0,0,1,0,,0,0,12,2,1,21,服務業,9,121.525684,25.0595398,中山區,聚盛里,1
DV00652226,1,0,0,0,0,0,0,0,0,0,0,0,0,0,0,0,0,0,0,0,1,0,0,0,0,0,1,0,0,1,0,0,0,1,1,0,1,0,0,NA,,NA,NA,0,4,2,64,無工作,3,121.5364047,25.05335,中山區,中央里,1
DV00689649,1,0,0,0,0,0,0,0,0,0,0,0,0,0,0,0,0,0,0,0,1,0,0,0,0,0,0,0,0,0,0,0,0,1,1,0,1,0,0,1,皮帶,0,0,0,1,1,43,工礦業,9,121.5540658,24.999362,文山區,興得里,1
DV00664343,1,0,2,1,1,0,1,0,0,0,0,0,0,0,0,0,0,0,0,0,0,1,0,0,0,0,0,0,0,0,0,0,0,1,1,0,0,0,1,1,剪刀,NA,NA,240,7,1,47,,5,121.567469,25.0070439,文山區,博嘉里,1
DV00589041,1,0,0,0,0,0,0,0,0,0,0,0,0,0,0,0,0,0,0,0,0,0,0,0,0,0,0,1,0,0,0,0,0,1,1,0,0,0,1,NA,,NA,NA,0,16,1,62,不詳,3,121.5729491,25.0648557,內湖區,湖元里,1
DV00712689,1,0,0,0,0,0,0,0,0,0,0,0,0,0,0,0,0,0,0,0,1,0,0,0,0,0,0,0,0,0,0,0,0,1,1,0,0,0,1,0,,0,0,0,4,2,88,退休,5,121.5196799,25.03322,中正區,新營里,1
DV00712544,1,0,5,3,0,0,1,1,1,1,0,0,0,0,0,0,0,0,1,0,0,0,1,0,0,0,0,0,0,0,0,0,0,1,1,0,0,0,1,1,電風扇,0,0,36,27,1,40,服務業,5,121.5746187,25.050417,松山區,慈祐里,1
DV00702089,1,0,7,2,0,0,0,1,0,1,0,0,1,0,1,1,1,0,1,0,0,0,0,0,1,0,0,0,0,0,0,0,1,6,2,0,1,0,1,0,,0,0,12,3,1,32,其他,5,121.5172794,25.1068937,北投區,文林里,1
DV00596583,1,0,0,0,0,0,0,0,0,0,0,0,0,0,0,0,0,0,0,0,1,0,0,0,0,0,0,0,0,0,0,0,0,1,1,0,0,0,1,0,,0,0,0,109,1,49,商業,5,121.5399118,25.0668994,中山區,行仁里,1
DV00584607,1,0,0,0,0,0,0,0,0,0,0,0,0,0,0,0,0,0,0,0,1,1,0,0,1,0,0,0,1,0,0,0,0,1,1,0,0,0,1,NA,,NA,NA,0,8803,1,38,,7,121.5033142,25.1194706,北投區,立農里,1
DV00665594,1,1,11,4,1,1,1,1,1,1,1,1,0,0,0,1,0,1,1,0,1,0,0,0,0,0,0,1,1,0,0,0,0,1,1,0,0,0,1,0,,0,0,36,719,2,30,家庭管理,9,121.501036,25.1279128,北投區,清江里,1
DV00727392,1,0,0,0,0,0,0,0,0,0,0,0,0,0,0,0,0,0,0,0,1,0,0,0,0,0,0,0,0,0,0,0,0,1,1,0,1,0,0,0,,0,0,0,8,1,38,不詳,3,121.504933,25.026106,萬華區,新和里,1
DV00674710,1,0,5,1,1,0,0,0,0,0,1,0,0,0,0,0,1,1,1,0,1,0,0,0,0,0,0,0,0,0,0,0,0,3,2,0,0,0,1,0,,0,0,2,58,1,43,專門職業,9,121.5222782,25.1145719,北投區,榮華里,1
DVP0193837,1,1,11,3,1,1,0,0,1,1,1,0,1,1,1,1,0,1,1,0,1,0,0,0,0,1,0,0,0,0,0,0,0,2,1,0,1,0,0,0,,0,0,14,15,1,41,服務業,5,121.4899471,25.0320086,萬華區,華江里,1
DI00404952,1,0,0,0,0,0,0,0,0,0,0,0,0,0,0,0,0,0,0,0,1,0,0,0,0,0,0,0,0,0,0,0,0,1,1,0,0,0,1,1,傘,0,0,396,107,1,60,退休,6,121.547382,24.988224,文山區,試院里,1
DV00721127,1,0,6,2,1,0,0,0,1,0,0,0,0,0,1,1,0,1,1,0,0,0,0,0,1,0,0,0,0,0,0,0,0,1,1,0,0,0,1,0,,0,0,12,30,3,45,,5,121.5856368,25.0754748,內湖區,紫陽里,1
DVP0185109,1,1,11,4,1,0,1,1,1,1,1,0,1,0,1,0,1,1,1,0,1,0,1,0,0,0,0,0,0,0,0,1,0,1,1,0,1,0,0,1,鐵槌,0,0,48,241,1,40,服務業,6,121.5011261,25.1255181,北投區,清江里,1
DI00410172,1,0,1,1,0,0,0,0,1,0,0,0,0,0,0,0,0,0,0,0,0,0,0,0,0,0,0,1,0,0,0,0,0,6,2,0,1,0,1,0,,0,0,0,23,1,70,無工作,4,121.543831,25.0250097,大安區,群賢里,1
DVP0150797,1,0,4,3,0,0,0,1,1,1,0,0,0,0,0,0,0,1,0,0,1,0,0,0,0,0,0,0,0,0,0,0,0,6,2,0,0,0,1,0,,0,0,6,5,1,33,服務業,9,121.5253782,25.0673896,中山區,圓山里,1
DV00643403,1,1,7,4,1,1,0,1,1,1,0,0,0,0,0,1,0,0,1,0,1,0,0,0,0,0,0,0,0,0,0,0,0,1,1,0,0,0,1,0,,0,0,0,30,1,22,學生,5,121.536154,25.0678119,中山區,行孝里,1
DV00576786,1,0,1,0,0,0,0,0,0,0,0,0,1,0,0,0,0,0,0,0,0,1,0,0,0,0,0,0,0,0,0,0,0,1,1,0,0,0,1,0,,0,0,0,76,1,37,服務業,9,121.5018551,25.0399275,萬華區,富民里,1
DVP0178183,1,0,1,0,0,0,0,0,0,0,0,0,0,0,0,0,0,0,1,0,0,0,0,0,0,0,0,1,0,0,0,0,0,1,1,0,0,0,1,1,電風扇,0,0,1,1,1,65,無工作,7,121.5478713,25.0053736,文山區,興旺里,1
DVP0198963,1,0,0,0,0,0,0,0,0,0,0,0,0,0,0,0,0,0,0,0,0,0,1,0,0,0,0,0,1,0,0,0,0,1,1,0,0,0,1,0,,0,0,0,11,1,39,專門職業,3,121.6190088,25.040641,南港區,舊莊里,1
DV00702983,1,0,4,2,1,0,0,0,1,0,0,0,0,0,0,1,0,0,1,0,0,0,0,0,1,0,0,0,0,0,0,0,0,1,1,0,1,0,0,0,,0,0,12,3,1,25,家庭管理,9,121.5466828,25.0500624,松山區,中正里,1
DVP0165774,1,0,1,1,0,0,0,0,1,0,0,0,0,0,0,0,0,0,0,0,0,0,0,0,0,0,0,0,0,0,0,0,1,1,1,0,1,0,0,0,,0,0,1,2,1,52,,3,121.5985043,25.088041,內湖區,大湖里,1
DI00408650,1,0,7,2,0,1,0,0,1,1,1,1,0,0,0,0,1,1,0,0,1,0,1,0,1,0,0,0,0,0,0,1,0,12,4,1,1,0,1,0,,NA,NA,0,33,1,31,不詳,9,121.5462773,25.0299602,大安區,龍雲里,1
DV00705165,1,0,1,1,1,0,0,0,0,0,0,0,0,0,0,0,0,0,0,0,0,0,0,0,0,0,0,0,0,0,0,0,1,1,1,0,0,0,1,0,,0,0,0,161,1,51,家庭管理,3,121.5285978,25.1243234,北投區,永欣里,1
DV00677165,1,0,4,2,1,1,0,1,0,0,0,0,0,0,0,0,0,0,1,0,0,0,0,0,1,0,0,0,0,0,0,0,0,1,1,0,1,0,1,0,,0,0,24,18,1,31,,9,121.546083,24.9872109,文山區,試院里,1
DVP0187480,1,0,6,3,0,0,0,1,1,1,0,1,0,0,0,0,1,1,0,0,0,0,0,0,0,0,0,1,0,0,0,0,0,1,1,0,1,0,1,0,,0,0,84,85,1,45,家庭管理,7,121.536439,25.022867,大安區,龍門里,1
DV00722847,1,0,2,1,1,1,0,0,0,0,0,0,0,0,0,0,0,0,0,0,1,0,0,0,0,0,0,0,0,0,0,0,0,11,4,0,0,0,1,0,,0,0,0,17,1,32,無工作,3,121.56287,25.0878646,內湖區,西安里,1
DVP0186784,1,0,1,0,0,0,0,0,0,0,1,0,0,0,0,0,0,0,0,0,0,0,0,0,1,0,0,0,0,0,0,0,0,4,2,0,1,0,0,0,,0,0,1,4,1,32,服務業,9,121.5679985,25.0595138,松山區,新東里,1
DVP0187206,1,0,7,1,0,1,1,0,0,1,1,0,0,1,0,0,1,1,0,0,0,0,1,0,0,0,0,0,0,0,0,0,0,12,4,0,1,0,0,0,,0,0,84,3,1,26,專門職業,3,121.5732105,25.0502962,松山區,慈祐里,1
DVP0184544,1,0,0,0,0,0,0,0,0,0,0,0,0,0,0,0,0,0,0,0,1,0,0,0,0,0,0,0,0,0,0,0,0,11,1,0,1,0,0,0,,0,0,0,5,1,53,,9,121.5065439,25.1239671,北投區,奇岩里,1
DV00720465,1,0,6,2,1,1,1,1,0,0,0,0,0,1,0,0,1,0,0,0,0,0,0,0,1,0,0,0,0,0,0,0,0,1,1,0,0,0,1,0,,0,0,360,16,1,59,商業,5,121.5651869,24.9852086,文山區,忠順里,1
DVP0178196,1,0,0,0,0,0,0,0,0,0,0,0,0,0,0,0,0,0,0,0,1,0,0,0,0,0,0,0,0,0,0,0,0,1,1,0,1,0,0,0,,0,0,0,2,1,39,不詳,5,121.545394,24.998905,文山區,興豐里,1
DVP0160181,1,0,6,2,0,0,0,1,1,0,0,0,0,0,0,1,1,1,1,1,1,0,0,1,1,0,0,0,0,1,0,0,0,1,1,0,0,0,1,0,,0,0,12,18,1,33,,9,121.5757493,25.0428188,信義區,長春里,1
DVP0172301,1,0,3,1,0,0,0,0,1,0,0,0,0,0,0,1,0,1,0,0,1,0,0,0,0,0,0,0,0,1,0,1,0,1,1,0,1,0,0,0,,0,0,2,18,1,51,家庭管理,5,121.5068138,25.1350733,北投區,溫泉里,1
DI00400238,1,0,0,0,0,0,0,0,0,0,0,0,0,0,0,0,0,0,0,0,1,0,0,0,0,0,0,0,0,1,0,0,0,1,1,0,1,0,0,0,,0,0,48,3,1,28,,5,121.5509739,24.9889141,文山區,華興里,1
DVP0137796,1,0,0,0,0,0,0,0,0,0,0,0,0,0,0,0,0,0,0,0,0,1,0,0,0,0,0,0,0,0,0,1,0,6,2,0,0,0,1,NA,,NA,NA,0,10,1,34,不詳,5,121.5753834,25.0830972,內湖區,港華里,1
DV00655944,1,0,2,0,0,0,0,0,0,0,1,0,0,0,0,0,1,0,0,0,0,0,0,0,1,0,0,0,0,0,0,0,0,6,2,0,0,0,1,0,,0,0,12,123,1,39,服務業,5,121.5349326,25.0511265,中山區,朱園里,1
DV00704251,1,0,0,0,0,0,0,0,0,0,0,0,0,0,0,0,0,0,0,0,0,1,0,0,0,0,0,0,0,0,0,0,0,1,1,0,0,0,1,0,,0,0,0,6,1,29,不詳,5,121.5003672,25.023955,萬華區,壽德里,1
DVP0157800,1,1,0,0,0,0,0,0,0,0,0,0,0,0,0,0,0,0,0,0,0,1,0,0,0,0,0,0,0,0,0,0,0,6,2,0,1,0,0,0,,0,0,1,28,1,33,服務業,9,121.5212142,25.092619,士林區,福德里,1
DV00696954,1,0,0,0,0,0,0,0,0,0,0,0,0,0,0,0,0,0,0,0,1,0,0,0,0,0,0,0,1,0,0,1,0,1,1,0,0,0,1,0,,0,0,0,24,1,40,,5,121.569998,25.0416229,信義區,興雅里,1
DI00409453,1,1,9,4,1,1,0,1,1,1,0,0,0,1,0,1,0,1,1,1,1,0,1,0,0,0,0,1,0,0,0,0,0,1,1,0,1,0,1,1,,NA,NA,240,144,1,52,,6,121.5034543,25.018807,萬華區,日祥里,1
DV00668041,1,0,2,1,0,0,0,0,0,1,0,0,0,0,0,0,0,0,1,0,1,0,1,0,1,0,0,0,0,0,0,0,0,1,1,0,0,0,1,1,椅子,0,0,0,19,2,50,無工作,9,121.580322,25.043947,信義區,永春里,1
DVP0166167,1,0,1,0,0,0,0,0,0,0,0,0,0,0,0,1,0,0,0,0,0,0,0,0,0,0,0,0,0,0,0,0,1,1,1,0,1,0,0,0,,0,0,0,2,1,55,不詳,9,121.5313396,25.107803,士林區,聖山里,1
DV00713699,1,0,0,0,0,0,0,0,0,0,0,0,0,0,0,0,0,0,0,0,0,0,0,0,0,0,0,1,0,0,0,0,0,1,1,0,1,0,1,1,臉瓢,0,0,0,97,2,88,,5,121.5196799,25.03322,中正區,新營里,1
DVP0183629,1,0,6,3,1,0,0,0,1,1,1,0,0,0,0,1,0,0,1,0,1,0,1,1,0,0,0,0,0,1,0,0,0,1,1,0,0,0,1,1,藤條,0,0,120,4,1,43,家庭管理,9,121.5028328,25.0295757,萬華區,新忠里,1
DI00409164,1,1,9,4,1,0,1,1,1,1,0,0,0,0,1,1,1,1,0,0,1,0,1,0,0,0,0,0,0,1,0,1,0,1,1,0,1,0,1,0,,0,0,122,10,1,31,家庭管理,9,121.5689734,25.0464947,信義區,雅祥里,1
DV00718376,1,0,0,0,0,0,0,0,0,0,0,0,0,0,0,0,0,0,0,0,1,0,0,0,0,0,0,0,0,0,0,0,0,1,1,0,0,0,1,0,,0,0,1,33,1,39,家庭管理,7,121.545714,24.9844659,文山區,試院里,1
DVP0212528,1,0,1,0,0,0,0,0,0,0,0,0,0,0,1,0,0,0,0,0,1,0,0,0,0,0,0,0,0,0,0,0,0,1,1,0,1,0,0,0,,0,0,12,31,1,49,,3,121.538829,25.064682,中山區,行仁里,1
DVP0198784,1,0,2,0,0,0,0,0,0,0,0,0,0,0,1,0,1,0,0,0,0,0,0,0,1,0,0,0,0,0,0,0,0,6,2,0,0,0,1,0,,0,0,0,8,1,23,,5,121.5040835,25.0399748,萬華區,新起里,1
DVP0197882,1,1,11,4,1,0,1,1,1,1,1,0,1,0,1,1,0,1,1,0,0,1,0,0,0,0,0,0,0,0,0,0,1,2,1,0,1,0,0,0,,1,0,36,46,1,34,服務業,4,121.5734012,25.0821963,內湖區,港都里,1
DV00616603,1,0,0,0,0,0,0,0,0,0,0,0,0,0,0,0,0,0,0,0,1,0,0,0,0,0,0,0,0,0,0,0,0,1,NA,0,0,0,1,1,椅子,NA,NA,0,44,1,42,,5,121.5734411,25.0812483,內湖區,麗山里,1
DV00579740,1,0,1,0,0,0,0,0,0,0,0,0,0,0,0,1,0,0,0,0,1,0,0,0,1,0,0,0,0,0,0,0,0,1,1,0,0,0,1,0,,0,0,0,6,3,28,其他,3,121.5053018,25.0303726,中正區,廈安里,1
DVP0163932,1,0,1,0,0,0,0,0,0,0,0,0,0,0,1,0,0,0,0,0,1,0,0,0,0,0,0,0,0,0,0,0,0,1,NA,0,0,0,1,NA,,NA,NA,0,2,1,41,,3,121.4930829,25.0232756,萬華區,孝德里,1
DV00695099,1,0,0,0,0,0,0,0,0,0,0,0,0,0,0,0,0,0,0,0,1,0,0,0,0,0,0,0,0,0,0,0,0,1,1,0,0,0,1,1,刀子,0,0,0,18,1,41,其他,3,121.578465,25.0550349,內湖區,行善里,1
DVP0164542,1,0,0,0,0,0,0,0,0,0,0,0,0,0,0,0,0,0,0,0,0,0,0,0,0,0,0,0,0,0,0,1,0,1,1,0,1,0,1,0,,0,0,0,1,1,62,家庭管理,9,121.499177,25.124369,北投區,八仙里,1
DV00690348,1,0,0,0,0,0,0,0,0,0,0,0,0,0,0,0,0,0,0,0,0,1,0,0,0,0,0,0,0,0,0,0,0,1,1,0,0,0,1,NA,,NA,NA,0,33,2,56,,5,121.5615661,25.0587025,松山區,介壽里,1
DV00626241,1,0,4,2,1,0,0,1,0,0,0,0,0,0,1,0,0,0,1,0,1,0,0,0,0,0,0,0,0,0,0,0,0,1,1,0,0,0,1,1,手持剪刀但未實際使用,0,0,36,14,1,60,,4,121.5391002,25.0414607,大安區,義村里,1
DVP0182733,1,0,3,0,0,0,0,0,0,0,1,0,0,0,0,1,0,0,1,0,1,0,0,0,0,0,0,0,0,1,0,0,0,2,1,0,1,0,0,0,,0,0,6,2,1,39,服務業,9,121.4957795,25.0380854,萬華區,柳鄉里,1
DI00408561,1,0,0,0,0,0,0,0,0,0,0,0,0,0,0,0,0,0,0,0,0,0,0,0,1,0,0,0,0,0,0,0,0,1,1,0,0,0,1,0,,0,0,0,4,1,49,服務業,9,121.5436009,25.0441429,大安區,誠安里,1
DVP0136563,1,0,4,1,0,0,0,0,0,1,0,0,0,0,0,1,0,1,1,0,1,0,0,0,0,0,0,0,0,1,0,0,0,1,1,0,0,0,1,0,,0,0,0,8,1,41,,6,121.5094779,25.0708212,大同區,鄰江里,1
DVP0142620,1,0,0,0,0,0,0,0,0,0,0,0,0,0,0,0,0,0,0,0,0,0,0,0,1,0,0,0,0,0,0,0,0,4,2,0,1,0,0,0,,0,0,12,18,1,41,,7,121.5166907,25.0588377,大同區,雙連里,1
DVP0155977,1,0,0,0,0,0,0,0,0,0,0,0,0,0,0,0,0,0,0,0,1,0,0,0,0,0,0,0,0,0,0,0,1,6,NA,0,1,0,0,NA,,0,0,0,2,1,59,服務業,4,121.5157569,25.057175,大同區,雙連里,1
DV00693381,1,0,0,0,0,0,0,0,0,0,0,0,0,0,0,0,0,0,0,0,0,0,0,0,1,0,0,0,0,0,0,0,0,2,1,0,1,0,0,0,,1,1,0,392,1,43,無工作,5,121.5463681,25.0824942,中山區,大直里,1
DVP0139299,1,0,7,2,0,0,0,0,1,1,0,0,0,1,1,1,1,1,0,0,1,0,0,0,0,0,0,0,0,0,0,0,0,1,1,0,1,0,0,0,,0,0,60,18,1,42,其他,7,121.5380777,25.0258897,大安區,龍生里,1
DVP0208071,1,0,5,0,0,1,0,0,0,0,1,0,1,0,1,1,0,0,0,0,1,0,0,0,0,0,0,0,0,0,0,1,0,2,1,0,0,0,1,1,安全帽,0,0,24,17,1,36,商業,6,121.5354063,25.0453085,中山區,埤頭里,1
DVP0138647,1,0,0,0,0,0,0,0,0,0,0,0,0,0,0,0,0,0,0,0,1,0,0,0,0,0,0,0,0,0,0,0,0,4,2,0,0,0,1,0,,0,0,0,9,1,46,家庭管理,9,121.5272354,25.0484508,中山區,正守里,1
DVP0198405,1,0,0,0,0,0,0,0,0,0,0,0,0,0,0,0,0,0,0,0,0,0,0,1,1,0,0,0,0,0,0,0,0,1,1,0,0,0,1,0,,0,0,96,3,1,27,其他,3,121.5768655,25.0767539,內湖區,港墘里,1
DVP0201966,1,0,0,0,0,0,0,0,0,0,0,0,0,0,0,0,0,0,0,0,1,0,1,0,0,0,0,0,0,0,0,0,0,1,1,0,0,0,1,0,,0,0,0,33,1,50,不詳,5,121.5464472,25.0483838,松山區,中正里,1
DVP0156899,1,0,0,0,0,0,0,0,0,0,0,0,0,0,0,0,0,0,0,0,1,0,0,0,0,0,0,0,0,0,0,1,0,4,2,0,1,0,0,0,,0,0,60,12,1,29,服務業,3,121.5244168,25.0490548,中山區,正得里,1
DV00711869,1,0,0,0,0,0,0,0,0,0,0,0,0,0,0,0,0,0,0,0,1,0,0,0,1,0,0,1,0,0,0,0,0,1,1,0,1,0,1,1,熨斗,0,0,0,14,1,31,商業,5,121.6166585,25.0713275,內湖區,東湖里,1
DV00592006,1,0,3,1,0,1,0,1,0,0,0,0,0,0,1,0,0,0,0,0,0,0,0,0,0,0,0,0,0,0,0,1,0,1,1,0,0,0,1,1,皮帶,0,0,0,22,1,43,不詳,5,121.5698851,25.0223884,信義區,泰和里,1
DVP0204892,1,0,3,2,1,0,0,0,0,1,0,0,0,0,0,0,0,0,1,0,0,0,0,0,0,0,0,0,0,1,0,0,0,2,1,0,0,0,1,0,,0,0,24,9,1,35,其他,4,121.5937469,25.047424,南港區,新光里,1
DV00684178,1,0,1,0,0,0,0,0,0,0,0,0,0,1,0,0,0,0,0,0,0,0,0,0,0,0,0,0,0,0,0,0,1,1,1,0,1,0,1,0,,0,0,0,8,1,61,不詳,7,121.499761,25.018567,萬華區,興德里,1
DI00406129,1,1,9,2,0,1,0,1,0,1,1,1,0,0,1,1,1,0,1,0,1,0,0,0,1,0,0,0,0,0,0,1,0,1,NA,0,1,0,1,1,雨傘,0,0,6,2,1,57,,7,121.557449,25.10507,士林區,臨溪里,1
DVP0207012,1,0,0,0,0,0,0,0,0,0,0,0,0,0,0,0,0,0,0,0,0,0,0,0,1,0,0,1,0,0,0,0,0,6,2,0,0,0,1,0,,0,0,1,2,1,47,不詳,6,121.4935237,25.0341152,萬華區,糖?里,1
DVP0173607,1,0,0,0,0,0,0,0,0,0,0,0,0,0,0,0,0,0,0,0,0,0,0,0,0,0,0,0,0,0,0,0,1,1,1,0,0,0,1,0,,0,0,0,3,1,45,,9,121.5685736,25.084884,內湖區,西湖里,1
DV00588462,1,0,5,3,1,0,0,1,0,1,0,0,0,0,0,1,0,1,0,0,0,0,0,0,1,0,0,0,0,0,0,0,0,1,1,0,1,0,1,0,,0,0,3,50,1,49,,7,121.5347954,25.0995762,士林區,福志里,1
DVP0148986,1,0,1,1,1,0,0,0,0,0,0,0,0,0,0,0,0,0,0,0,0,0,0,0,0,0,0,0,0,1,0,1,0,11,4,0,0,0,1,0,,0,0,0,10,3,56,退休,5,121.5155575,25.0631241,大同區,蓬萊里,1
DVP0208005,1,0,0,0,0,0,0,0,0,0,0,0,0,0,0,0,0,0,0,0,1,0,1,0,0,0,0,0,0,1,0,0,0,1,1,0,1,0,1,NA,,0,0,6,14,1,52,家庭管理,5,121.545038,24.9934782,文山區,景東里,1
DVP0154218,1,0,2,0,0,0,0,0,0,0,1,0,0,0,0,0,1,0,0,0,0,0,0,0,1,0,0,0,0,0,0,0,0,12,4,0,0,0,1,0,,0,0,0,86,1,36,服務業,4,121.5052377,25.0461637,萬華區,福星里,1
DV00710698,1,1,10,4,1,0,1,1,1,1,1,0,0,0,0,1,1,1,1,0,1,0,0,0,0,0,0,0,0,0,0,0,0,1,1,0,1,0,1,1,衣物,0,0,3,57,1,34,無工作,5,121.535861,25.126243,士林區,天母里,1
DVP0162772,1,0,0,0,0,0,0,0,0,0,0,0,0,0,0,0,0,0,0,0,0,0,0,0,0,0,0,0,0,0,0,0,1,6,2,0,0,0,1,0,,0,0,0,4,1,26,服務業,9,121.5589212,25.0315192,信義區,景聯里,1
DV00690239,1,0,1,1,0,0,0,1,0,0,0,0,0,0,0,0,0,0,0,0,1,0,0,0,0,0,0,0,0,0,0,0,0,6,4,0,0,0,1,0,,0,0,0,35,3,36,無工作,6,121.5212601,25.0805883,士林區,明勝里,1
DV00685957,1,0,0,0,0,0,0,0,0,0,0,0,0,0,0,0,0,0,0,0,1,0,0,0,0,0,0,0,0,0,0,0,0,1,1,0,0,0,1,1,,NA,NA,0,63,2,52,,6,121.5585469,25.0536443,松山區,東光里,1
DV00655863,1,0,2,1,1,0,0,0,0,0,0,0,0,0,0,0,1,0,0,0,0,0,0,0,1,0,0,0,0,0,0,0,0,1,1,0,0,0,1,0,,0,0,12,13,1,34,家庭管理,9,121.575657,25.033595,信義區,松友里,1
DV00702329,1,0,0,0,0,0,0,0,0,0,0,0,0,0,0,0,0,0,0,0,0,0,0,0,0,0,0,1,0,0,0,0,0,6,3,0,1,0,1,0,,NA,NA,0,7,1,73,其他,6,121.5469389,25.0058088,文山區,興旺里,1
DVP0212425,1,0,0,0,0,0,0,0,0,0,0,0,0,0,0,0,0,0,0,0,1,0,0,0,0,0,0,1,0,0,0,1,0,1,1,0,0,0,1,0,,0,0,120,11,3,77,不詳,2,121.5781357,25.0764321,內湖區,港墘里,1
DV00598094,1,0,3,1,0,0,0,1,0,0,0,0,0,1,0,0,0,0,1,0,0,0,0,0,0,0,0,0,0,1,0,1,0,1,1,0,0,0,1,1,木椅,0,0,1,21,1,39,專門職業,5,121.5699524,25.0847715,內湖區,西湖里,1
DI00408397,1,0,2,0,0,0,0,0,0,0,0,0,0,0,0,0,1,0,1,0,0,0,0,0,0,0,0,0,0,1,0,1,0,1,1,0,0,0,1,1,,0,0,0,2,1,79,不詳,9,121.502287,25.1331433,北投區,中央里,1
DV00587945,1,0,7,2,1,0,1,0,0,1,0,0,0,0,0,1,1,1,1,0,1,0,0,0,0,0,0,0,0,0,0,1,0,2,1,0,0,0,1,1,安全帽,0,0,0,12,1,38,,5,121.502286,25.0923658,士林區,永倫里,1
DVP0169463,1,1,11,4,1,1,1,1,1,1,1,0,0,1,1,0,1,1,0,0,1,0,0,0,0,0,0,1,1,1,0,0,0,1,1,0,1,0,0,0,,1,1,120,20,1,38,服務業,9,121.5262952,25.0240509,大安區,古莊里,1
DVP0158874,1,0,0,0,0,0,0,0,0,0,0,0,0,0,0,0,0,0,0,0,1,0,0,0,0,0,0,0,0,0,0,0,0,1,1,0,1,0,0,0,,0,0,0,70,1,34,,9,121.4956015,25.0213158,萬華區,銘德里,1
DVP0198533,1,0,0,0,0,0,0,0,0,0,0,0,0,0,0,0,0,0,0,0,0,0,1,0,0,0,0,0,0,0,0,0,0,1,1,0,1,0,0,0,,0,0,1,9,1,54,,5,121.592692,25.0887869,內湖區,碧山里,1
DVP0167095,1,0,1,0,0,0,0,0,0,0,0,0,0,0,0,0,0,0,1,0,0,0,0,0,0,0,0,0,0,1,0,0,0,7,1,0,1,0,1,0,,0,0,24,21,1,33,其他,5,121.5099765,25.1158726,北投區,吉利里,1
DVP0175897,1,0,3,0,0,0,0,0,0,0,0,0,1,0,1,0,0,1,0,0,0,0,0,0,1,0,0,0,0,0,0,1,1,11,4,0,0,0,1,0,,0,0,1,1,1,40,其他,3,121.5370092,24.994901,文山區,景慶里,1
DVP0144656,1,0,5,2,1,0,0,1,0,0,0,0,0,0,0,1,0,1,1,0,1,0,0,0,0,0,0,0,0,0,0,0,0,1,1,0,1,0,1,0,,0,0,12,5,1,42,不詳,9,121.507614,25.140414,北投區,中心里,1
DVP0165055,1,0,0,0,0,0,0,0,0,0,0,0,0,0,0,0,0,0,0,0,0,0,0,0,1,0,0,0,0,0,0,0,0,1,1,0,1,0,0,0,,0,0,12,10,1,44,家庭管理,3,121.5020265,25.0450164,萬華區,萬壽里,1
DVP0188609,1,0,3,2,0,0,0,0,1,1,0,0,0,0,0,1,0,0,0,0,0,0,0,0,1,0,0,0,0,0,0,0,0,1,1,0,1,0,0,0,,0,0,2,2,1,37,服務業,5,121.5034543,25.018807,萬華區,日祥里,1
DVP0183381,1,0,1,0,0,0,0,0,0,0,0,0,0,0,0,0,1,0,0,0,0,0,0,0,0,0,0,0,0,0,0,0,1,6,2,0,0,0,1,0,,0,0,1,5,1,51,服務業,9,121.5420363,25.0022495,文山區,萬盛里,1
DVP0211850,1,0,0,0,0,0,0,0,0,0,0,0,0,0,0,0,0,0,0,0,1,0,0,1,0,0,0,0,0,0,0,0,0,1,1,0,0,0,1,NA,,0,0,0,2,1,41,,5,121.5243052,25.0435179,中正區,幸福里,1
DV00720342,1,0,0,0,0,0,0,0,0,0,0,0,0,0,0,0,0,0,0,0,0,0,0,0,1,0,0,0,0,0,0,0,1,1,1,0,1,0,1,NA,,NA,NA,0,35,1,57,退休,6,121.535571,25.0441919,大安區,民輝里,1
DV00686913,1,0,0,0,0,0,0,0,0,0,0,0,0,0,0,0,0,0,0,0,1,0,1,0,0,0,0,0,0,0,0,0,0,1,1,0,1,0,1,NA,,NA,NA,0,11,1,52,不詳,5,121.570639,25.0034209,文山區,萬美里,1
DV00711492,1,0,2,0,0,0,0,0,0,0,1,0,1,0,0,0,0,0,0,1,1,0,0,1,1,0,0,0,0,0,0,0,1,4,4,1,1,0,1,0,,NA,1,26,41,1,61,服務業,9,121.5433768,25.0377036,大安區,和安里,1
DI00401173,1,0,0,0,0,0,0,0,0,0,0,0,0,0,0,0,0,0,0,0,1,0,0,0,0,0,0,0,0,0,0,0,0,1,1,0,0,0,1,NA,,0,0,0,17,1,47,服務業,3,121.4906043,25.0258046,萬華區,和德里,1
DV00623186,1,0,2,1,0,0,0,0,1,0,0,0,0,0,0,0,0,0,1,0,0,0,0,0,1,0,0,0,0,0,0,0,0,1,1,0,0,0,1,0,,NA,NA,3,133,1,36,,7,121.5942171,25.0858436,內湖區,金龍里,1
DVP0192014,1,0,4,0,0,0,0,0,0,0,1,0,0,1,0,0,1,1,0,0,0,0,0,0,1,0,0,1,0,0,0,0,0,1,1,0,1,0,0,0,,0,0,48,11,1,41,服務業,9,121.493345,25.0263142,萬華區,錦德里,1
DV00664146,1,0,0,0,0,0,0,0,0,0,0,0,0,0,0,0,0,0,0,0,1,0,0,0,1,0,0,0,0,0,0,0,0,1,1,0,0,0,1,0,,1,0,24,40,1,38,商業,5,121.5166072,25.0501858,大同區,建明里,1
DV00667235,1,0,6,1,1,0,1,0,0,0,0,0,0,0,1,0,1,1,1,0,1,0,0,0,0,0,0,0,0,0,0,0,0,6,2,0,0,0,1,0,,0,0,2,7,1,26,服務業,5,121.574996,25.0498146,松山區,慈祐里,1
DI00407408,1,0,4,0,0,0,0,0,0,0,0,0,1,0,0,0,1,1,1,0,1,0,0,0,0,0,0,0,0,0,0,1,1,6,1,0,0,0,1,0,,0,0,0,9,1,46,服務業,9,121.4970294,25.0262857,萬華區,日善里,1
DV00668500,1,0,2,0,0,0,1,0,0,0,0,0,0,0,1,0,0,0,0,0,0,0,0,0,0,0,0,0,0,0,0,1,0,1,1,0,1,0,0,NA,,NA,NA,0,4,1,59,家庭管理,5,121.518604,25.090747,士林區,後港里,1
DVP0175274,1,0,2,0,0,0,0,0,0,0,0,0,0,0,1,0,1,0,0,0,1,0,0,0,1,0,0,0,0,0,0,0,0,6,2,0,1,0,1,0,,0,0,0,3,1,22,學生,5,121.543244,25.005281,文山區,萬盛里,1
DVP0192718,1,0,0,0,0,0,0,0,0,0,0,0,0,0,0,0,0,0,0,0,0,0,0,0,0,0,0,1,0,0,0,0,0,1,1,0,1,0,0,1,菜刀,0,0,0,3,1,52,不詳,3,121.485029,25.104999,士林區,富洲里,1
DVP0140206,1,0,1,0,0,1,0,0,0,0,0,0,0,0,0,0,0,0,0,0,1,0,0,0,0,0,0,0,0,0,0,0,0,1,1,0,1,0,0,0,,0,0,6,27,1,40,,5,121.511065,25.0634899,大同區,景星里,1
DV00706067,1,0,0,0,0,0,0,0,0,0,0,0,0,0,0,0,0,0,0,0,0,0,0,0,0,0,0,0,0,1,0,0,0,2,1,0,0,0,1,0,,0,0,0,23,1,48,,9,121.5236246,25.065968,中山區,晴光里,1
DV00668723,1,0,0,0,0,0,0,0,0,0,0,0,0,0,0,0,0,0,0,0,0,0,0,0,0,0,0,0,0,0,0,0,1,6,2,0,0,0,1,1,遙控器,0,0,0,7,2,61,不詳,4,121.5548029,24.9879745,文山區,華興里,1
DI00409453,1,1,9,4,1,1,0,1,1,1,0,0,0,1,0,1,0,1,1,1,1,0,1,0,0,0,0,1,0,0,0,0,0,1,1,0,1,0,1,1,,NA,NA,240,144,1,52,,6,121.5034543,25.018807,萬華區,日祥里,1
DV00706482,1,0,3,1,0,0,0,0,1,0,0,0,1,0,0,0,0,0,1,0,0,0,0,0,0,0,0,0,0,0,0,0,1,1,1,0,1,0,0,0,,0,0,360,9,1,58,家庭管理,9,121.5747856,25.0338981,信義區,安康里,1
DVP0152142,1,0,0,0,0,0,0,0,0,0,0,0,0,0,0,0,0,0,0,0,1,0,0,0,0,0,0,0,0,0,0,0,0,1,1,0,1,0,0,0,,0,0,0,10,1,41,家庭管理,7,121.5886758,25.0874301,內湖區,金瑞里,1
DV00653003,1,0,4,1,1,1,0,0,0,0,0,0,0,0,1,0,0,1,0,0,1,0,0,0,0,0,0,0,0,1,0,0,0,1,1,0,0,0,1,NA,,NA,NA,24,4,2,39,不詳,5,121.576192,25.049001,信義區,四育里,1
DV00721748,1,1,8,4,1,0,1,1,1,1,0,0,0,0,1,0,1,1,0,0,0,0,0,0,1,0,0,0,0,0,0,0,0,4,2,0,1,0,0,0,,0,0,0,39,1,23,不詳,5,121.528536,25.0492279,中山區,正義里,1
DV00653961,1,0,5,2,1,0,0,1,0,0,0,0,0,0,0,0,1,1,1,0,1,0,0,0,1,0,0,0,0,0,0,0,0,1,1,0,0,0,1,NA,,0,0,4,20,1,42,家庭管理,6,121.537412,25.034652,大安區,民炤里,1
DVP0141062,1,0,4,2,1,0,0,1,0,0,0,0,1,0,1,0,0,0,0,0,1,0,0,0,1,0,0,0,0,1,0,0,0,1,1,0,1,0,1,0,,0,0,1,8,3,52,,4,121.507387,25.0847973,士林區,葫蘆里,1
DV00697769,1,0,0,0,0,0,0,0,0,0,0,0,0,0,0,0,0,0,0,0,0,0,0,0,1,0,0,0,0,0,0,0,0,4,2,0,0,0,1,1,衣架,0,0,0,64,1,25,,5,121.5790932,25.0401966,信義區,松光里,1
DVP0163336,1,0,7,3,0,0,0,1,1,1,1,0,1,1,0,0,1,0,0,0,0,0,0,0,1,0,0,0,0,0,0,0,1,4,2,0,1,0,0,0,,0,0,3,30,1,27,其他,5,121.522933,25.0527189,中山區,康樂里,1
DV00703122,1,0,0,0,0,0,0,0,0,0,0,0,0,0,0,0,0,0,0,0,0,1,0,0,0,0,0,0,0,0,0,0,0,1,1,0,0,0,1,0,,0,0,0,16,1,40,家庭管理,9,121.5759467,25.076581,內湖區,港墘里,1
DV00698009,1,0,7,2,1,0,1,1,0,0,0,0,0,1,1,1,0,0,1,0,1,0,0,0,0,0,0,0,0,0,0,0,1,1,1,0,1,0,1,1,球棒,0,0,48,14,1,38,家庭管理,5,121.5023308,25.0269895,萬華區,新安里,1
DVP0146451,1,0,6,2,1,1,0,0,1,0,0,0,0,0,1,0,0,1,1,0,0,0,0,0,1,0,0,0,0,0,0,0,0,2,1,0,1,0,0,0,,0,0,120,530,1,34,家庭管理,7,121.5855808,25.0748639,內湖區,紫陽里,1
DVP0176401,1,0,7,2,0,0,0,1,0,1,1,0,0,1,1,1,0,1,0,0,1,0,1,0,0,0,0,0,0,0,0,0,0,12,1,0,1,0,0,0,,0,0,36,6,1,45,服務業,9,121.5513986,25.0246317,大安區,全安里,1
DV00656261,1,0,4,2,0,0,0,1,0,1,0,0,0,0,1,0,0,1,0,0,0,0,0,0,1,1,0,0,0,0,0,0,0,1,1,0,1,0,0,1,持菜刀,0,0,0,24,1,62,不詳,7,121.5050908,25.0910255,士林區,社園里,1
DV00712307,1,0,5,1,1,0,1,0,0,0,0,1,0,0,1,0,0,0,1,0,0,0,0,1,0,0,0,0,1,0,0,0,0,1,1,1,0,1,1,NA,,NA,NA,0,11,3,43,不詳,7,121.577028,25.053967,內湖區,行善里,1
DV00674647,1,1,8,3,0,0,0,1,1,1,1,0,0,0,1,1,1,1,0,0,1,0,0,0,0,0,0,0,0,0,0,0,0,4,4,0,1,0,1,0,,0,0,24,9,1,43,服務業,4,121.5646577,25.0494055,松山區,吉祥里,1
DVP0160284,1,0,1,0,0,0,0,0,0,0,0,0,0,0,0,0,0,0,1,0,0,0,0,0,1,0,0,0,0,0,0,0,0,1,1,0,0,0,1,0,,0,0,12,5,1,59,,6,121.5408343,25.0649848,中山區,行仁里,1
DV00622492,1,1,9,2,1,1,0,0,0,1,1,1,0,0,1,1,0,1,1,0,1,0,0,0,0,0,0,0,0,0,0,1,0,1,1,0,1,0,1,1,雜誌,0,0,0,42,1,57,公,5,121.562773,25.058306,松山區,三民里,1
DVP0194994,1,0,2,0,0,0,0,0,0,0,0,0,0,0,0,1,0,0,1,0,1,0,0,0,0,0,0,0,0,0,0,0,0,1,1,0,0,0,1,0,,0,0,12,3,1,25,家庭管理,9,121.5344928,25.0452801,中山區,朱園里,1
DVP0177310,1,0,0,0,0,0,0,0,0,0,0,0,0,0,0,0,0,0,0,0,0,0,0,1,0,0,0,0,0,0,0,0,0,4,NA,0,1,0,0,0,,0,0,0,11,2,48,,6,121.6105502,25.0551877,南港區,南港里,1
DVP0166169,1,0,0,0,0,0,0,0,0,0,0,0,0,0,0,0,0,0,0,0,1,0,0,0,0,0,0,0,0,0,0,0,0,1,1,0,1,0,0,0,,0,0,120,72,1,48,服務業,5,121.533452,25.0358545,大安區,民炤里,1
DVP0158563,1,0,5,2,0,0,0,0,1,1,0,0,0,0,1,0,1,1,0,0,1,0,0,0,1,0,0,0,0,0,0,0,0,1,1,0,1,0,0,0,,0,0,3,25,2,37,,9,121.498459,25.019574,萬華區,興德里,1
DV00702687,1,0,0,0,0,0,0,0,0,0,0,0,0,0,0,0,0,0,0,0,1,0,0,0,0,0,0,0,0,0,0,0,0,6,2,0,0,0,1,0,,0,0,0,16,1,23,服務業,9,121.575981,25.042602,信義區,長春里,1
DVP0145755,1,0,0,0,0,0,0,0,0,0,0,0,0,0,0,0,0,0,0,0,1,0,0,0,0,0,0,0,0,0,0,0,0,1,1,0,0,0,1,0,,0,0,0,3,1,33,不詳,5,121.5525728,24.9979789,文山區,興業里,1
DVP0196517,1,0,0,0,0,0,0,0,0,0,0,0,0,0,0,0,0,0,0,0,1,0,0,0,1,0,0,0,0,0,0,0,0,1,1,0,0,0,1,0,,0,0,0,2,1,44,不詳,5,121.5853691,25.0761654,內湖區,紫陽里,1
DVP0153866,1,0,3,2,0,0,0,0,1,1,0,0,0,0,1,0,0,0,0,0,0,0,0,0,0,0,0,0,0,0,0,1,0,1,1,0,1,0,0,0,,0,0,0,5,1,58,,7,121.5384635,24.9947901,文山區,景慶里,1
DVP0191593,1,0,0,0,0,0,0,0,0,0,0,0,0,0,0,0,0,0,0,0,1,0,0,0,0,0,0,0,0,0,0,0,0,11,4,0,1,0,0,0,,0,0,0,8,1,62,其他,4,121.5246077,25.0950492,士林區,福佳里,1
DV00686956,1,0,2,1,1,0,0,0,0,0,0,0,0,0,1,0,0,0,0,0,1,0,0,0,0,0,0,0,0,0,0,0,0,1,1,0,0,0,1,0,,0,0,0,18,1,28,家庭管理,9,121.5280795,25.0319208,大安區,永康里,1
DVP0172044,1,0,0,0,0,0,0,0,0,0,0,0,0,0,0,0,0,0,0,0,1,0,0,0,0,0,0,0,0,0,0,0,0,5,2,0,0,0,1,0,,0,0,0,51,1,25,服務業,5,121.5477758,24.9974969,文山區,興福里,1
DV00674387,1,0,2,0,0,0,0,0,0,0,0,0,0,0,0,1,0,0,1,0,1,0,0,0,0,0,0,0,0,0,0,0,0,1,1,0,1,0,1,0,,0,0,0,18,1,41,家庭管理,5,121.5418244,25.0295002,大安區,龍圖里,1
DVP0155352,1,0,0,0,0,0,0,0,0,0,0,0,0,0,0,0,0,0,0,0,0,0,0,0,1,0,0,0,0,0,0,0,0,1,1,0,0,0,1,0,,0,0,0,3,1,55,,7,121.5160149,25.0620197,大同區,民權里,1
DVP0138428,1,0,2,0,0,0,0,0,0,0,0,0,0,0,0,0,1,1,0,0,1,0,0,0,0,0,0,0,0,0,0,0,0,6,4,0,1,0,0,0,,0,0,24,67,1,64,服務業,9,121.586702,25.082984,內湖區,湖濱里,1
DV00674387,1,0,2,0,0,0,0,0,0,0,0,0,0,0,0,1,0,0,1,0,1,0,0,0,0,0,0,0,0,0,0,0,0,1,1,0,1,0,1,0,,0,0,0,18,1,41,家庭管理,5,121.5418244,25.0295002,大安區,龍圖里,1
DVP0151336,1,0,1,0,0,0,0,0,0,0,1,0,0,0,0,0,0,0,0,0,1,0,1,0,1,0,0,0,0,0,0,0,0,1,1,0,0,0,1,0,,0,0,0,11,1,39,,7,121.592034,25.082804,內湖區,內湖里,1
DVP0201797,1,0,3,1,0,0,0,0,1,0,1,0,0,0,0,1,0,0,0,0,0,0,0,0,1,0,0,0,0,0,0,0,0,4,2,0,1,0,0,0,,0,0,0,592,1,36,,5,121.5569747,25.0268023,信義區,嘉興里,1
DVP0200247,1,0,1,0,0,0,0,0,0,0,0,0,0,0,1,0,0,0,0,0,0,0,0,0,0,0,0,0,0,0,0,0,1,1,1,0,0,0,1,0,,0,0,0,4,1,55,工礦業,5,121.4815967,25.1050906,士林區,富洲里,1
DV00677033,1,1,9,4,1,0,0,1,1,1,0,0,0,0,1,1,1,1,1,0,0,0,0,0,1,0,0,0,0,0,0,0,0,4,4,0,0,0,1,1,手機,0,0,12,15,1,38,無工作,3,121.581459,25.047749,南港區,合成里,1
DV00690467,1,0,1,1,0,0,0,1,0,0,0,0,0,0,0,0,0,0,0,0,1,0,0,0,0,0,0,0,0,0,0,0,0,1,1,0,0,0,1,1,,0,0,24,52,1,37,,6,121.525395,25.108342,士林區,蘭雅里,1
DVP0212620,1,0,0,0,0,0,0,0,0,0,0,0,0,0,0,0,0,0,0,0,1,0,0,0,0,0,0,0,0,0,0,0,0,1,1,0,0,0,1,0,,0,0,0,11,1,36,不詳,6,121.5648363,25.1268695,士林區,公館里,1
DVP0158980,1,0,7,3,0,1,1,1,1,1,0,0,1,0,0,1,0,0,0,0,1,0,1,0,0,0,0,0,0,0,0,0,1,1,1,0,0,0,1,0,,0,0,360,3,1,61,服務業,9,121.5933641,25.0374293,南港區,仁福里,1
DVP0205143,1,0,0,0,0,0,0,0,0,0,0,0,0,0,0,0,0,0,0,0,1,0,0,0,1,0,0,0,0,0,0,0,0,1,1,0,0,0,1,0,,0,0,0,6,1,54,不詳,5,121.522309,25.0602119,中山區,集英里,1
DV00727663,1,1,13,4,1,1,0,1,1,1,1,1,0,1,1,1,1,1,1,0,0,0,1,0,1,0,0,0,0,0,0,0,0,12,4,0,0,0,1,1,刀、棍棒,NA,NA,48,25,1,41,不詳,9,121.5264609,25.051134,中山區,正義里,1
DV00711159,1,0,5,3,1,0,0,1,0,1,0,0,0,0,0,0,1,0,1,0,1,0,0,0,0,0,0,0,0,0,0,0,0,1,1,0,0,0,1,1,菸灰缸,0,0,24,5,1,51,家庭管理,5,121.533457,25.0644261,中山區,行政里,1
DVP0164874,1,0,3,0,0,0,0,0,0,0,0,0,0,0,1,0,1,0,1,0,1,0,0,0,1,0,0,0,1,1,0,1,0,2,1,0,1,0,1,1,拐杖,0,0,60,3,2,61,家庭管理,4,121.561695,24.986819,文山區,明義里,1
DV00596381,1,0,4,1,1,0,1,0,0,0,1,0,0,0,0,0,0,0,1,0,0,0,0,0,0,0,0,1,0,1,0,0,0,1,1,0,0,0,1,NA,,0,0,0,50,1,32,公教軍警,5,121.5588624,25.0298559,信義區,景聯里,1
DVP0152457,1,0,0,0,0,0,0,0,0,0,0,0,0,0,0,0,0,0,0,0,1,0,0,0,0,0,0,0,0,0,0,0,0,6,2,0,1,0,0,0,,0,0,0,1,1,26,,5,121.5018092,25.1241225,北投區,清江里,1
DV00689465,2,0,0,0,0,0,0,0,0,0,0,0,0,0,0,0,0,0,0,0,0,0,1,0,0,0,0,1,0,0,0,0,0,12,4,0,1,0,0,0,,0,0,0,32,1,34,商業,5,121.5550822,25.0457566,松山區,復源里,2
DVP0210948,2,0,0,0,0,0,0,0,0,0,0,0,0,0,0,0,0,0,0,0,1,0,0,0,0,0,0,0,0,1,0,0,0,6,2,0,1,0,0,0,,0,0,0,6,1,29,不詳,5,121.517818,25.087791,士林區,福中里,2
DVP0166629,2,0,3,0,0,0,0,0,0,0,0,0,1,0,0,1,0,0,1,0,1,0,0,0,0,0,0,0,0,0,0,0,1,1,1,0,1,0,1,0,,0,0,60,6,1,28,不詳,9,121.5315352,25.1154752,士林區,天福里,2
DVP0154857,2,0,1,0,0,0,0,0,0,0,0,0,0,0,0,0,1,0,0,0,1,0,0,0,1,0,0,0,0,0,0,1,0,3,2,0,0,0,1,0,,0,0,0,10,1,22,學生,5,121.491062,25.031249,萬華區,綠堤里,2
DVP0138953,2,0,3,0,0,0,0,0,0,0,0,0,1,0,1,0,0,0,1,0,1,0,1,0,0,0,0,0,0,0,0,0,0,1,1,0,1,0,0,0,,0,0,264,2,1,45,服務業,9,121.516272,25.1122937,北投區,榮光里,2
DVP0201422,2,0,0,0,0,0,0,0,0,0,0,0,0,0,0,0,0,0,0,0,1,0,0,0,0,0,0,0,0,0,0,0,0,1,1,0,0,0,1,0,,0,0,0,2,1,49,,7,121.50782,25.1304599,北投區,奇岩里,2
DV00724132,2,0,3,1,1,0,0,0,0,0,0,0,0,1,0,0,0,1,0,0,0,0,0,0,0,0,0,0,0,0,0,1,0,4,2,0,0,0,1,0,,0,0,3,5,1,40,服務業,5,121.522573,25.0657089,中山區,晴光里,2
DV00702224,2,0,0,0,0,0,0,0,0,0,0,0,0,0,0,0,0,0,0,0,1,0,0,0,0,0,0,0,0,1,0,0,0,1,1,0,1,0,0,NA,,NA,NA,0,2,1,76,退休,5,121.5937755,25.0490329,南港區,新光里,2
DV00671296,2,0,7,3,1,0,0,1,0,1,0,0,0,1,1,0,1,1,0,0,0,1,0,0,0,0,0,0,0,0,0,0,0,5,2,0,0,0,1,0,,0,0,3,40,1,22,學生,5,121.4831873,25.1377086,北投區,桃源里,2
DV00671601,2,0,5,2,1,0,1,0,0,1,0,0,0,0,0,0,0,1,1,0,0,0,0,0,1,0,0,0,0,0,0,0,0,1,1,0,1,0,1,0,,1,0,216,64,1,50,,5,121.557449,25.10507,士林區,臨溪里,2
DVP0150141,2,0,3,1,1,0,0,0,0,0,0,0,0,0,0,0,1,1,0,0,1,0,0,0,0,0,0,0,0,0,0,0,0,1,1,0,1,0,1,0,,0,0,120,9,1,48,家庭管理,5,121.52915,25.102951,士林區,名山里,2
DV00694587,2,0,0,0,0,0,0,0,0,0,0,0,0,0,0,0,0,0,0,0,1,0,0,0,1,0,0,0,0,0,0,0,0,1,1,0,0,0,1,0,,NA,NA,0,8,2,44,商業,9,121.5011856,25.0289554,萬華區,新安里,2
DV00682030,2,1,7,4,1,0,0,1,1,1,0,0,1,0,0,0,0,1,1,0,1,0,0,0,0,0,0,0,0,0,0,1,1,1,1,0,1,0,1,1,汽油及打火機,NA,NA,0,17,3,68,,4,121.515018,25.1151759,北投區,榮光里,2
DVP0175928,2,0,0,0,0,0,0,0,0,0,0,0,0,0,0,0,0,0,0,0,1,0,0,0,0,0,0,0,0,0,0,0,1,1,1,0,1,0,0,1,菜刀,0,0,24,9,1,45,不詳,9,121.5500906,25.0281759,大安區,全安里,2
DI00407784,2,0,4,1,1,1,0,0,0,0,0,0,0,0,0,0,0,1,1,0,1,0,1,0,0,0,0,1,0,0,0,0,0,1,1,0,1,0,1,0,,1,0,12,-12,1,37,教,5,121.538868,25.003157,文山區,萬祥里,2
DVP0179492,2,0,0,0,0,0,0,0,0,0,0,0,0,0,0,0,0,0,0,0,1,0,0,0,0,0,0,0,0,0,0,0,0,1,1,0,1,0,0,NA,,1,0,0,8,1,37,不詳,6,121.507768,25.0918794,士林區,社園里,2
DV00720452,2,0,3,3,0,0,0,1,1,1,0,0,0,0,0,0,0,0,0,0,1,0,0,0,0,0,0,0,0,0,0,0,0,1,1,0,0,0,1,0,,0,0,24,17,1,61,其他,6,121.557626,25.0557099,松山區,龍田里,2
DVP0139935,2,0,1,0,0,0,0,0,0,0,0,0,0,0,1,0,0,0,0,0,1,0,0,0,1,0,0,0,0,1,0,0,0,2,2,0,1,0,1,0,,0,0,240,10,1,55,不詳,3,121.5656291,25.0523653,松山區,安平里,2
DVP0194082,2,0,0,0,0,0,0,0,0,0,0,0,0,0,0,0,0,0,0,0,0,0,0,0,0,0,0,0,0,0,0,0,1,6,NA,0,0,0,1,0,,0,0,0,4,1,33,,3,121.5263542,25.066573,中山區,晴光里,2
DVP0205749,2,0,0,0,0,0,0,0,0,0,0,0,0,0,0,0,0,0,0,0,1,0,0,0,0,0,0,0,0,0,0,0,0,1,1,0,0,0,1,0,,0,0,24,11,1,42,工礦業,5,121.5426313,25.0254728,大安區,龍生里,2
DV00701164,2,0,2,0,0,0,0,0,0,0,0,0,0,0,0,1,0,0,1,0,1,0,0,0,0,0,0,0,0,0,0,1,0,1,1,0,0,0,1,0,,0,0,0,15,1,48,服務業,7,121.54471,25.0565309,松山區,松基里,2
DVP0210877,2,1,11,4,1,0,0,1,1,1,1,0,1,0,1,1,1,1,1,0,1,0,0,0,0,0,0,0,0,0,0,0,0,2,1,0,1,0,1,0,,0,0,12,7,1,27,無工作,9,121.560058,24.990392,文山區,明興里,2
DVP0183934,2,0,0,0,0,0,0,0,0,0,0,0,0,0,0,0,0,0,0,0,1,0,0,0,0,0,0,0,0,0,0,0,0,1,1,0,1,0,1,0,,0,0,0,1,3,56,無工作,5,121.522275,25.0809395,士林區,福華里,2
DVP0177439,2,0,0,0,0,0,0,0,0,0,0,0,0,0,0,0,0,0,0,0,0,0,0,0,0,0,0,0,0,1,0,0,0,1,1,0,1,0,0,0,,0,0,0,3,3,83,不詳,5,121.532701,25.120195,士林區,天山里,2
DI00408214,2,0,0,0,0,0,0,0,0,0,0,0,0,0,0,0,0,0,0,0,1,0,0,0,0,0,0,0,0,0,0,0,0,1,1,0,1,0,1,1,,0,0,0,2,1,79,不詳,6,121.502287,25.1331433,北投區,中央里,2
DVP0138369,2,0,0,0,0,0,0,0,0,0,0,0,0,0,0,0,0,0,0,0,1,0,0,0,1,0,0,0,0,0,0,0,0,6,2,0,0,0,1,0,,0,0,3,8,1,49,,9,121.5207006,25.0277585,中正區,南福里,2
DVP0148996,2,0,1,1,1,0,0,0,0,0,0,0,0,0,0,0,0,0,0,0,1,0,0,0,0,0,0,0,0,0,0,0,0,1,1,0,0,0,1,0,,0,0,2,11,1,25,,7,121.5411767,25.0408786,大安區,義村里,2
DVP0160999,2,0,2,0,0,0,0,0,0,0,0,0,1,0,0,0,1,0,0,0,1,0,0,0,0,0,0,0,0,0,0,0,0,6,2,0,0,0,1,0,,0,0,3,5,1,38,不詳,6,121.5938753,25.0775274,內湖區,紫雲里,2
DVP0179180,2,0,3,0,0,0,0,0,0,0,0,0,0,0,1,0,1,1,0,0,0,1,0,0,0,0,0,0,0,0,0,0,0,1,1,0,1,0,1,0,,0,0,4,3,1,53,服務業,5,121.5218951,25.0850179,士林區,前港里,2
DVP0205700,2,1,5,4,1,0,0,1,1,1,1,0,0,0,0,0,0,0,0,0,1,0,0,0,0,0,0,0,0,0,0,0,0,6,2,0,0,0,1,0,,0,0,12,2,1,21,學生,5,121.4862776,25.1383928,北投區,桃源里,2
DVP0168669,2,0,0,0,0,0,0,0,0,0,0,0,0,0,0,0,0,0,0,0,1,0,0,0,0,0,0,0,0,0,0,0,1,1,1,0,0,0,1,0,,0,0,4,6,1,60,服務業,4,121.5292962,25.0649316,中山區,新庄里,2
DVP0142630,2,0,0,0,0,0,0,0,0,0,0,0,0,0,0,0,0,0,0,0,1,0,1,0,0,0,0,0,0,0,0,0,0,1,1,0,1,0,0,0,,0,0,0,3,1,38,其他,5,121.568404,25.0861084,內湖區,西湖里,2
DVP0158649,2,0,2,0,0,0,0,0,0,0,0,0,1,0,0,0,1,0,0,0,0,0,0,0,1,0,0,0,0,0,0,0,1,6,2,0,1,0,0,NA,,1,1,0,5,1,26,不詳,3,121.5083989,25.085401,士林區,葫蘆里,2
DI00408470,2,0,0,0,0,0,0,0,0,0,0,0,0,0,0,0,0,0,0,0,1,0,0,0,1,0,0,0,0,0,0,0,0,1,1,0,1,0,1,0,,0,0,0,780,1,39,,7,121.5142593,25.0568764,大同區,星明里,2
DV00695398,2,0,0,0,0,0,0,0,0,0,0,0,0,0,0,0,0,0,0,0,1,0,0,0,0,0,1,0,0,0,0,0,0,1,1,0,1,0,0,0,,NA,NA,0,6,1,43,其他,6,121.5776203,25.0800929,內湖區,港富里,2
DVP0138529,2,0,4,2,0,0,0,1,1,0,0,0,0,0,0,1,0,1,0,0,1,0,0,0,0,0,0,0,0,0,0,0,0,1,1,0,0,0,1,0,,0,0,192,14,1,57,公教軍警,7,121.521163,25.0901539,士林區,福德里,2
DV00678566,2,0,5,1,0,0,1,0,1,0,0,0,1,0,0,1,1,0,0,0,0,0,0,0,0,0,0,0,0,0,0,0,1,1,1,0,1,0,0,0,,0,0,132,47,2,36,家庭管理,3,121.490657,25.0272763,萬華區,和德里,2
DVP0195307,2,0,0,0,0,0,0,0,0,0,0,0,0,0,0,0,0,0,0,0,1,0,0,0,0,0,0,0,0,0,0,0,0,6,2,0,0,0,1,0,,0,0,1,6,1,27,,5,121.52135,25.063786,中山區,集英里,2
DV00666962,2,0,0,0,0,0,0,0,0,0,0,0,0,0,0,0,0,0,0,0,0,0,0,0,1,0,0,0,0,0,0,0,0,6,NA,0,0,0,1,0,,0,0,0,5,1,56,不詳,6,121.5938753,25.0775274,內湖區,紫雲里,2
DVP0192053,2,0,5,2,1,1,0,1,0,0,1,0,0,0,0,0,0,0,1,0,1,0,0,0,0,0,0,0,0,0,0,0,0,6,2,0,0,0,1,0,,0,0,24,7,1,21,無工作,3,121.5191579,25.1159149,北投區,振華里,2
DVP0159458,2,0,0,0,0,0,0,0,0,0,0,0,0,0,0,0,0,0,0,0,0,0,0,0,1,0,0,0,0,0,0,0,0,6,2,0,0,0,1,1,,0,0,0,19,1,66,,5,121.5049225,25.042659,萬華區,西門里,2
DVP0174737,2,0,5,2,0,0,0,0,1,1,1,0,0,0,0,0,1,1,0,0,0,0,0,0,1,0,0,1,0,0,0,0,0,1,1,0,1,0,0,0,,0,0,6,44,1,59,服務業,3,121.5554503,25.04292,大安區,華聲里,2
DV00671601,2,0,5,2,1,0,1,0,0,1,0,0,0,0,0,0,0,1,1,0,0,0,0,0,1,0,0,0,0,0,0,0,0,1,1,0,1,0,1,0,,1,0,216,64,1,50,,5,121.557449,25.10507,士林區,臨溪里,2
DVP0171278,2,0,2,0,0,0,0,0,0,0,1,0,0,0,0,0,0,0,1,0,0,0,0,0,1,0,0,0,0,0,0,0,0,12,4,0,1,0,0,0,,0,0,1,9,1,37,不詳,6,121.5763316,25.0503398,松山區,慈祐里,2
DV00708660,2,0,2,0,0,1,0,0,0,0,0,0,0,0,0,0,1,0,0,0,1,0,1,0,1,0,0,0,0,0,0,0,0,11,4,0,1,0,0,0,,0,0,0,46,1,48,其他,5,121.5576781,24.9988067,文山區,興得里,2
DVP0183567,2,0,0,0,0,0,0,0,0,0,0,0,0,0,0,0,0,0,0,0,0,0,0,0,0,0,0,1,0,0,0,0,0,1,1,0,1,0,0,0,,0,0,0,33,3,52,無工作,5,121.5180492,25.0724157,大同區,保安里,2
DVP0138736,2,0,2,0,0,0,0,0,0,0,0,0,1,0,0,0,0,0,1,0,0,0,1,0,0,0,0,0,0,0,0,0,1,1,1,0,0,0,1,NA,,0,0,24,2,1,42,家庭管理,9,121.4831873,25.1377086,北投區,桃源里,2
DVP0211655,2,0,0,0,0,0,0,0,0,0,0,0,0,0,0,0,0,0,0,0,0,0,0,0,0,0,0,0,0,0,0,0,1,1,1,0,1,0,0,0,,0,0,12,5,1,73,,5,121.5019595,25.0914383,士林區,永倫里,2
DVP0211554,2,0,1,0,0,0,0,0,0,0,0,0,0,0,0,1,0,0,0,0,1,0,0,0,0,0,0,0,0,0,0,0,0,6,2,0,0,0,1,1,詳細物品不清楚,0,0,12,9,1,44,服務業,9,121.5393837,25.0412825,大安區,義村里,2
DVP0183676,2,0,0,0,0,0,0,0,0,0,0,0,0,0,0,0,0,0,0,0,1,0,0,0,0,0,0,0,0,0,0,0,0,1,1,0,1,0,0,0,,NA,NA,240,3,2,71,,4,121.512951,25.058606,大同區,延平里,2
DV00694827,2,0,2,2,1,0,0,0,0,1,0,0,0,0,0,0,0,0,0,0,0,0,0,0,1,0,0,0,0,0,0,0,0,1,1,0,0,0,1,0,,0,0,0,16,1,39,專門職業,7,121.597706,25.0783699,內湖區,紫雲里,2
DV00684362,2,1,6,2,1,0,0,1,0,0,1,0,0,1,0,0,1,0,1,0,0,0,0,0,1,0,0,1,0,0,0,0,0,4,4,0,1,0,1,1,"箱子裡堆有重物,不清楚是甚麼",0,0,24,4,1,25,無工作,3,121.4953058,25.0176036,萬華區,華中里,2
DVP0166206,2,0,3,2,0,0,0,0,1,1,0,0,0,0,0,0,0,1,0,0,1,0,0,0,0,0,0,1,0,1,0,1,0,1,1,0,1,0,0,0,,0,0,2,9,1,40,專門職業,5,121.5363665,25.0528784,中山區,中央里,2
DV00696486,2,0,0,0,0,0,0,0,0,0,0,0,0,0,0,0,0,0,0,0,1,0,0,0,0,0,0,0,0,0,0,0,0,6,2,0,0,0,1,0,,0,0,0,63,2,45,無工作,7,121.5157979,25.0750694,大同區,重慶里,2
DVP0156824,2,0,0,0,0,0,0,0,0,0,0,0,0,0,0,0,0,0,0,0,0,0,0,0,0,0,0,0,0,0,0,0,1,1,1,0,0,0,1,1,刀,0,0,0,2,1,61,商業,7,121.559879,24.988868,文山區,明義里,2
DVP0189689,2,0,0,0,0,0,0,0,0,0,0,0,0,0,0,0,0,0,0,0,0,0,0,0,1,0,0,0,0,0,0,0,0,1,1,0,0,0,1,0,,0,0,6,3,1,28,,5,121.5296246,25.0565497,中山區,中原里,2
DV00669424,2,1,13,4,1,1,1,1,1,1,0,1,1,1,1,1,0,1,1,0,1,0,0,0,0,0,0,0,0,1,0,0,1,1,1,0,1,0,1,0,,0,0,240,5,1,51,無工作,4,121.5289937,25.1281751,北投區,永和里,2
DVP0139152,2,1,7,4,1,0,0,1,1,1,0,0,0,1,0,1,0,1,0,0,0,0,0,0,1,0,0,0,1,0,0,0,0,12,4,0,1,0,0,0,,0,0,36,3,1,36,不詳,5,121.5117667,25.1124244,北投區,福興里,2
DVP0148566,2,0,0,0,0,0,0,0,0,0,0,0,0,0,0,0,0,0,0,0,1,0,0,0,0,0,0,0,0,0,0,0,0,1,1,0,1,0,0,0,,0,0,0,11,1,56,,5,121.6060884,25.0572936,南港區,南港里,2
DVP0200234,2,0,0,0,0,0,0,0,0,0,0,0,0,0,0,0,0,0,0,0,1,0,0,0,0,0,0,0,0,0,0,0,0,1,1,0,0,0,1,0,,0,0,0,8,1,37,商業,5,121.5481635,25.0010284,文山區,興邦里,2
DVP0206633,2,0,1,0,0,0,0,0,0,0,0,0,0,0,0,0,0,0,1,0,0,0,0,0,0,0,0,1,0,1,0,1,0,1,1,0,1,0,0,0,,0,0,1,3,2,68,家庭管理,4,121.5207722,25.1043606,士林區,蘭興里,2
DVP0201613,2,0,0,0,0,0,0,0,0,0,0,0,0,0,0,0,0,0,0,0,0,1,0,0,0,0,0,0,0,0,0,0,0,4,2,0,0,0,1,0,,0,0,0,4,1,36,服務業,9,121.5019894,25.1320893,北投區,中央里,2
DVP0175928,2,0,0,0,0,0,0,0,0,0,0,0,0,0,0,0,0,0,0,0,1,0,0,0,0,0,0,0,0,0,0,0,1,1,1,0,1,0,0,1,菜刀,0,0,24,9,1,45,不詳,9,121.5500906,25.0281759,大安區,全安里,2
DVP0208980,2,0,7,3,1,1,0,1,1,0,0,0,1,0,0,0,0,1,1,0,0,0,0,0,0,0,0,1,0,0,0,0,1,11,4,0,1,0,1,1,,0,0,6,3,1,44,不詳,5,121.5370092,24.994901,文山區,景慶里,2
DVP0155126,2,0,2,0,0,0,0,0,0,0,0,0,0,0,0,1,0,0,1,0,1,0,0,0,0,0,0,0,0,1,0,0,0,1,1,0,1,0,1,0,,0,0,24,5,1,39,其他,6,121.5161036,25.112414,北投區,榮光里,2
DVP0163707,2,0,4,0,0,0,0,0,0,0,0,0,1,0,0,1,1,0,1,0,1,0,0,0,0,0,0,0,0,0,0,0,0,1,1,0,0,0,1,0,,0,0,6,2,1,49,不詳,3,121.5274903,25.1189028,士林區,天玉里,2
DV00716412,2,0,4,3,1,0,0,0,1,1,0,0,0,0,0,0,0,0,1,0,1,0,0,0,1,0,0,0,0,0,0,0,0,6,2,0,0,0,1,0,,0,0,5,22,1,35,無工作,9,121.5115685,25.1216456,北投區,東華里,2
DV00719382,2,0,2,1,1,0,0,0,0,0,0,0,0,0,0,0,0,0,1,0,1,0,0,0,0,0,0,0,0,0,0,0,0,1,1,0,0,0,1,0,,0,0,60,3,1,45,無工作,6,121.6163325,25.0522393,南港區,新富里,2
DI00404322,2,0,7,2,0,1,1,1,1,0,1,0,0,0,0,1,1,0,0,0,0,0,0,0,0,0,0,1,0,0,0,0,0,7,1,0,0,0,1,0,,0,NA,216,13,1,43,家庭管理,3,121.545729,25.046725,松山區,中崙里,2
DVP0153033,2,0,0,0,0,0,0,0,0,0,0,0,0,0,0,0,0,0,0,0,0,0,1,0,0,0,0,0,0,0,0,0,0,1,1,0,1,0,0,0,,0,0,0,3,1,45,,7,121.5546738,25.0374277,大安區,光信里,2
DVP0200660,2,0,3,2,1,0,0,0,0,1,0,0,0,0,0,0,0,1,0,0,1,0,0,0,1,0,0,1,0,0,0,0,1,1,1,0,1,0,1,0,,0,0,0,12,1,41,,7,121.6160196,25.0673336,內湖區,五分里,2
DI00401641,2,0,1,0,0,0,0,0,0,0,0,0,0,0,0,0,0,0,1,0,1,0,0,0,0,0,0,0,0,0,0,0,0,6,2,0,0,0,1,0,,0,0,22,1,1,27,專門職業,5,121.522921,25.052566,中山區,康樂里,2
DI00409940,2,0,0,0,0,0,0,0,0,0,0,0,0,0,0,0,0,0,0,0,1,0,0,0,0,0,0,0,0,0,0,0,0,6,3,0,0,0,1,0,,0,0,0,1,1,47,無工作,3,121.513,25.053913,大同區,朝陽里,2
DV00668573,2,0,0,0,0,0,0,0,0,0,0,0,0,0,0,0,0,0,0,0,1,0,0,0,0,0,0,0,0,0,0,0,0,1,1,0,1,0,0,0,,0,0,0,14,1,38,,7,121.5587419,25.0365789,信義區,正和里,2
DVP0188356,2,0,2,1,1,0,0,0,0,0,0,0,0,0,0,1,0,0,0,0,1,0,0,0,0,0,0,1,0,0,0,0,0,1,1,0,1,0,1,0,,0,0,96,2,1,50,無工作,9,121.5456184,25.0406194,大安區,仁愛里,2
DVP0184587,2,0,1,0,0,0,0,0,0,0,0,0,1,0,0,0,0,0,0,0,0,0,0,0,1,0,0,0,0,0,0,0,0,1,1,0,1,0,0,0,,0,0,0,2,1,39,不詳,9,121.5117733,25.0798676,士林區,福順里,2
DVP0211858,2,1,8,4,1,1,0,1,1,1,0,0,0,0,0,1,0,1,1,0,0,0,0,0,1,0,0,0,0,0,0,0,0,1,1,0,1,0,1,0,,0,0,12,11,1,49,商業,9,121.5471159,24.9969225,文山區,興福里,2
DVP0147747,2,0,0,0,0,0,0,0,0,0,0,0,0,0,0,0,0,0,0,0,1,0,0,0,1,0,0,0,0,0,0,1,0,4,4,0,1,0,0,0,,0,0,0,9,1,56,,7,121.5550769,25.0460355,松山區,復源里,2
DI00410225,2,0,5,3,1,0,0,1,1,0,0,0,0,0,0,1,0,0,1,0,1,0,0,0,1,0,0,0,1,0,0,0,0,1,1,0,0,0,1,1,,0,0,240,1,1,68,無工作,4,121.6186021,25.042011,南港區,舊莊里,2
DVP0172851,2,0,1,0,0,0,0,0,0,0,0,1,0,0,0,0,0,0,0,0,0,0,0,0,1,0,0,0,0,0,0,1,0,4,2,0,1,0,0,0,,NA,NA,0,35,1,43,商業,9,121.5325562,25.1169258,士林區,天福里,2
DVP0187210,2,0,1,0,0,0,0,0,0,0,0,0,0,0,0,0,1,0,0,0,0,0,0,0,1,0,0,0,0,0,0,0,0,2,1,0,1,0,0,0,,0,0,1,2,1,50,其他,7,121.5203681,25.1095337,北投區,榮華里,2
DV00654022,2,1,10,3,0,1,1,1,1,1,1,1,0,0,0,1,0,1,1,0,1,0,0,0,1,0,0,0,0,0,0,0,0,1,1,0,1,0,1,0,,1,0,480,20,1,58,不詳,4,121.6173534,25.0360999,南港區,九如里,2
DVP0138529,2,0,4,2,0,0,0,1,1,0,0,0,0,0,0,1,0,1,0,0,1,0,0,0,0,0,0,0,0,0,0,0,0,1,1,0,0,0,1,0,,0,0,192,14,1,57,公教軍警,7,121.521163,25.0901539,士林區,福德里,2
DV00685599,2,0,6,1,1,0,0,0,0,0,1,0,0,0,1,1,1,1,0,0,1,0,1,0,1,0,0,0,0,0,0,0,0,1,1,0,0,0,1,1,塑膠椅子,NA,NA,0,5,1,40,服務業,5,121.4930829,25.0232756,萬華區,孝德里,2
DI00408462,2,0,2,1,0,0,0,0,0,1,0,0,0,0,1,0,0,0,0,0,1,0,1,0,0,0,0,0,0,0,0,0,0,1,1,0,1,0,1,0,,0,0,0,4,1,33,商業,5,121.5806717,25.0835141,內湖區,湖濱里,2
DVP0138407,2,0,4,2,1,0,0,0,0,1,0,0,0,0,0,1,0,1,0,0,1,0,0,0,0,0,0,0,0,0,0,0,0,1,1,0,1,0,1,1,塑膠瓶,0,0,216,2,1,49,公教軍警,5,121.521163,25.0901539,士林區,福德里,2
DI00409062,2,0,0,0,0,0,0,0,0,0,0,0,0,0,0,0,0,0,0,0,0,1,0,0,0,0,0,0,0,0,0,0,0,6,2,0,0,0,1,NA,,NA,NA,0,11,1,36,不詳,7,121.5005988,25.0380496,萬華區,富民里,2
DV00685764,2,0,4,1,1,0,1,0,0,0,0,0,0,1,0,1,0,0,0,0,0,0,0,0,0,0,0,0,0,0,0,1,0,1,1,0,0,0,1,0,,0,0,2,15,1,31,,9,121.5362441,25.0440193,大安區,民輝里,2
DI00408376,2,0,4,1,0,1,0,0,0,1,0,0,1,0,1,0,0,0,0,0,1,0,0,0,1,0,0,0,0,0,0,0,1,1,1,0,0,0,1,0,,0,0,0,9,1,43,商業,5,121.5480616,25.0815871,中山區,大直里,2
DVP0175254,2,0,0,0,0,0,0,0,0,0,0,0,0,0,0,0,0,0,0,0,1,0,0,0,0,0,0,0,0,0,0,1,0,1,1,0,1,0,0,1,鑰匙,0,0,6,10,1,54,服務業,5,121.56589,25.0312949,信義區,三張里,2
DV00704158,2,0,0,0,0,0,0,0,0,0,0,0,0,0,0,0,0,0,0,0,0,0,0,0,0,0,0,0,0,0,0,0,1,6,2,0,0,0,1,0,,0,0,0,12,1,30,不詳,5,121.495211,25.1056016,士林區,福安里,2
DV00601128,2,0,1,0,0,0,0,0,0,0,0,0,0,0,0,0,0,0,1,0,1,0,0,0,0,0,0,0,0,0,0,0,0,6,2,0,1,0,1,0,,0,0,60,44,1,29,服務業,5,121.5273086,25.0970399,士林區,舊佳里,2
DI00409940,2,0,0,0,0,0,0,0,0,0,0,0,0,0,0,0,0,0,0,0,1,0,0,0,0,0,0,0,0,0,0,0,0,6,3,0,0,0,1,0,,0,0,0,1,1,47,無工作,3,121.513,25.053913,大同區,朝陽里,2
DVP0201422,2,0,0,0,0,0,0,0,0,0,0,0,0,0,0,0,0,0,0,0,1,0,0,0,0,0,0,0,0,0,0,0,0,1,1,0,0,0,1,0,,0,0,0,2,1,49,,7,121.50782,25.1304599,北投區,奇岩里,2
DVP0186860,2,0,6,3,0,0,0,1,1,1,1,0,0,0,1,0,1,0,0,0,1,0,0,0,1,0,0,0,0,0,0,0,0,4,4,0,0,0,1,0,,0,0,2,5,2,37,服務業,5,121.5081284,25.0861039,士林區,葫蘆里,2
DVP0193763,2,0,1,0,0,0,0,0,0,0,0,0,0,0,0,0,0,0,1,0,1,0,0,0,0,0,1,0,0,0,0,0,0,1,1,0,0,0,1,0,,0,0,1,3,1,29,其他,7,121.594293,25.079362,內湖區,紫雲里,2
DVP0212998,2,0,1,0,0,0,0,0,0,0,0,0,0,0,0,0,1,0,0,0,0,0,0,0,1,0,0,0,0,0,0,0,0,1,1,0,0,0,1,0,,0,0,0,11,1,51,,7,121.6129593,25.0701123,內湖區,安湖里,2
DV00605622,2,0,0,0,0,0,0,0,0,0,0,0,0,0,0,0,0,0,0,0,1,0,0,0,0,0,0,0,0,0,0,0,0,6,2,0,0,0,1,0,,0,0,36,14,1,25,其他,5,121.522921,25.052566,中山區,康樂里,2
DV00600161,2,0,1,0,0,0,0,0,0,0,0,0,0,0,0,0,0,0,1,0,0,0,0,0,0,0,0,0,0,1,0,0,0,1,1,0,1,0,1,0,,0,0,3,39,1,31,,3,121.533485,25.028302,大安區,龍安里,2
DVP0191537,2,0,4,1,0,0,0,0,1,0,0,0,0,1,1,0,0,1,0,0,1,0,0,0,0,0,0,1,1,0,0,0,0,1,1,0,1,0,1,0,,0,0,24,2,1,65,,4,121.51069,25.0506268,大同區,玉泉里,2
DVP0189608,2,0,0,0,0,0,0,0,0,0,0,0,0,0,0,0,0,0,0,0,1,0,0,0,0,0,0,0,0,0,0,0,0,1,1,0,0,0,1,0,,0,0,0,2,1,39,不詳,7,121.5612615,25.0125099,大安區,黎和里,2
DI00402368,2,1,12,4,1,0,1,1,1,1,1,1,1,0,1,1,0,1,1,1,0,0,0,0,1,1,0,0,0,0,0,0,0,1,NA,1,1,1,1,1,,0,0,65,9,1,40,,5,121.591747,25.085749,內湖區,金龍里,2
DVP0189266,2,0,7,3,0,0,0,1,1,1,1,0,1,0,1,0,1,0,0,0,1,0,0,1,0,0,0,1,0,0,0,0,0,2,1,0,1,0,0,0,,0,0,96,84,1,60,家庭管理,4,121.5728026,25.0855357,內湖區,港華里,2
DVP0184016,2,0,5,0,0,0,1,0,0,0,1,0,1,0,1,1,0,0,0,0,0,0,0,0,0,0,0,1,0,0,0,1,0,2,1,0,1,0,1,0,,0,0,72,15,2,41,無工作,9,121.591747,25.085749,內湖區,金龍里,2
DVP0170820,2,0,0,0,0,0,0,0,0,0,0,0,0,0,0,0,0,0,0,0,1,0,0,0,1,0,0,0,0,0,0,0,0,1,1,0,1,0,0,0,,0,0,0,4,1,38,,9,121.5008979,25.0287824,萬華區,新安里,2
DVP0149250,2,0,0,0,0,0,0,0,0,0,0,0,0,0,0,0,0,0,0,0,1,0,0,0,0,0,0,0,0,0,0,0,0,1,1,0,1,0,1,0,,0,0,0,10,1,35,不詳,6,121.494027,25.0210609,萬華區,銘德里,2
DV00667398,2,0,1,0,0,0,0,0,0,0,0,0,0,0,0,0,0,0,1,0,1,0,0,0,0,0,0,0,0,0,0,0,0,6,2,0,0,0,1,0,,0,0,0,7,1,21,無工作,9,121.5915941,25.0887975,內湖區,碧山里,2
DI00401708,2,0,3,2,0,0,0,1,1,0,0,0,0,0,0,0,0,1,0,0,1,0,0,0,0,0,0,0,0,0,0,0,0,1,1,0,1,0,0,0,,0,0,12,217,1,68,退休,6,121.580641,25.039746,信義區,大道里,2
DVP0145454,2,0,3,1,0,0,0,0,1,0,0,0,0,0,0,1,1,0,0,0,1,0,0,0,1,0,0,1,0,0,0,0,0,12,4,0,1,0,1,0,,0,0,120,10,1,50,專門職業,9,121.5671697,24.9841704,文山區,順興里,2
DVP0152020,2,0,0,0,0,0,0,0,0,0,0,0,0,0,0,0,0,0,0,0,1,0,0,0,0,0,0,0,0,0,0,0,0,1,1,0,0,0,1,0,,0,0,0,20,1,44,不詳,3,121.5090164,25.0855548,士林區,葫蘆里,2
DVP0137658,2,0,4,1,1,1,0,0,0,0,1,0,0,0,0,0,1,0,0,0,0,0,0,0,1,0,0,0,0,0,0,1,0,1,1,0,1,0,0,0,,0,0,36,2,1,51,家庭管理,9,121.5572515,24.9820872,文山區,樟文里,2
DVP0147738,2,0,1,0,0,1,0,0,0,0,0,0,0,0,0,0,0,0,0,0,1,0,0,0,0,0,0,0,0,0,0,0,0,1,1,0,0,0,1,0,,0,0,120,41,1,41,,7,121.561856,25.1069598,士林區,翠山里,2
DVP0181435,2,0,1,0,0,0,0,0,0,0,0,0,0,0,0,1,0,0,0,0,1,0,0,0,0,0,0,0,0,0,0,0,0,1,1,0,1,0,1,0,,0,0,12,1,1,34,商業,9,121.500801,25.139522,北投區,中庸里,2
DI00408376,2,0,4,1,0,1,0,0,0,1,0,0,1,0,1,0,0,0,0,0,1,0,0,0,1,0,0,0,0,0,0,0,1,1,1,0,0,0,1,0,,0,0,0,9,1,43,商業,5,121.5480616,25.0815871,中山區,大直里,2
DV00721591,2,0,4,2,0,0,1,1,1,0,0,0,0,0,0,0,0,0,1,0,1,0,1,0,0,0,0,1,0,0,0,0,1,11,4,0,1,0,1,1,鐵鎚、菜刀,0,0,60,19,1,41,無工作,5,121.5370092,24.994901,文山區,景慶里,2
DVP0191908,2,0,0,0,0,0,0,0,0,0,0,0,0,0,0,0,0,0,0,0,0,1,0,0,0,0,0,0,0,0,0,0,0,2,1,0,0,0,1,0,,0,0,9,2,1,35,無工作,7,121.534169,25.12432,士林區,天和里,2
DVP0195606,2,0,0,0,0,0,0,0,0,0,0,0,0,0,0,0,0,0,0,0,0,0,1,0,0,0,0,0,0,0,0,0,0,1,1,0,1,0,1,0,,0,0,0,2,1,39,不詳,5,121.52614,25.024143,大安區,古莊里,2
DV00689447,2,0,0,0,0,0,0,0,0,0,0,0,0,0,0,0,0,0,0,0,1,0,0,0,0,0,0,0,0,1,0,0,0,1,1,0,0,0,1,1,手機,0,0,24,1,1,54,退休,5,121.523478,25.03024,大安區,錦泰里,2
DV00721281,2,0,0,0,0,0,0,0,0,0,0,0,0,0,0,0,0,0,0,0,0,0,0,0,1,0,0,0,0,0,0,0,0,1,1,0,0,0,1,0,,NA,NA,0,3,1,33,,7,121.5252266,25.0484633,中山區,正守里,2
DVP0198627,2,0,6,2,1,0,0,0,0,1,1,1,0,0,0,1,1,0,0,0,1,0,0,0,0,0,0,0,0,0,0,0,0,1,1,0,1,0,0,0,,0,0,12,29,1,48,服務業,5,121.5234403,25.1135794,北投區,榮華里,2
DVP0198334,2,0,0,0,0,0,0,0,0,0,0,0,0,0,0,0,0,0,0,0,0,0,1,0,0,0,0,0,0,0,0,0,0,6,2,0,0,0,1,0,,0,0,0,1,1,28,不詳,5,121.6068485,25.0554411,南港區,南港里,2
DV00704070,2,0,1,0,0,0,1,0,0,0,0,0,0,0,0,0,0,0,0,0,0,0,0,0,1,0,0,0,0,0,0,0,0,1,1,0,0,0,1,NA,,NA,NA,0,1145,1,32,不詳,6,121.553988,25.0202973,大安區,黎孝里,2
DV00663776,2,0,4,2,0,1,0,1,1,0,0,0,0,0,0,1,0,0,0,0,1,0,0,0,0,0,0,0,0,0,0,0,0,1,1,0,0,0,1,1,刀子,0,0,0,9,1,50,不詳,9,121.5813407,25.0778459,內湖區,瑞陽里,2
DVP0179990,2,0,0,0,0,0,0,0,0,0,0,0,0,0,0,0,0,0,0,1,1,0,0,0,1,0,0,0,0,0,0,0,0,1,1,0,1,0,0,0,,0,0,0,11,1,73,家庭管理,2,121.5908022,25.079463,內湖區,紫星里,2
DV00605622,2,0,0,0,0,0,0,0,0,0,0,0,0,0,0,0,0,0,0,0,1,0,0,0,0,0,0,0,0,0,0,0,0,6,2,0,0,0,1,0,,0,0,36,14,1,25,其他,5,121.522921,25.052566,中山區,康樂里,2
DI00406405,2,1,9,3,1,0,1,0,1,1,0,0,0,1,1,1,0,1,1,0,0,0,0,0,0,1,0,1,0,0,0,0,0,1,1,0,1,0,1,1,電腦、椅子,0,0,24,20,1,36,,9,121.5020265,25.0450164,萬華區,萬壽里,2
DVP0214339,2,0,6,1,1,0,1,0,0,0,0,0,0,1,1,0,0,1,1,0,1,0,0,0,1,0,0,0,0,0,0,0,0,6,4,0,0,0,1,0,,0,0,12,9,1,27,,9,121.5069691,25.0479004,萬華區,福星里,2
DI00406571,2,0,2,1,1,0,0,0,0,0,0,0,0,0,0,0,0,0,1,0,1,0,0,0,0,0,0,0,0,0,0,0,0,1,1,0,0,0,1,0,,1,1,12,1,1,36,,5,121.5864972,25.0644905,內湖區,石潭里,2
DV00717672,2,0,3,2,0,0,0,0,1,1,0,0,0,0,0,0,0,1,0,0,1,0,0,0,0,1,0,0,0,0,0,0,0,4,2,0,1,0,0,0,,0,0,0,5,1,26,不詳,9,121.4970049,25.035734,萬華區,青山里,2
DVP0205608,2,0,0,0,0,0,0,0,0,0,0,0,0,0,0,0,0,0,0,0,1,0,0,0,0,0,0,0,0,0,0,0,0,1,1,0,0,0,1,0,,0,0,0,5,1,39,不詳,6,121.512415,25.059,大同區,延平里,2
DVP0168564,2,0,6,1,0,0,0,1,0,0,0,1,0,0,1,1,1,0,1,0,1,0,0,1,1,0,0,0,0,0,0,0,0,1,1,0,1,1,1,0,,0,0,6,7,1,33,,5,121.579864,25.048702,信義區,永吉里,2
DV00702111,2,0,4,2,1,0,0,0,1,0,0,0,1,0,1,0,0,0,0,0,1,1,0,0,0,0,0,0,0,0,0,0,0,6,2,0,0,0,1,0,,0,0,24,20,1,29,軍,7,121.5632062,25.0504949,松山區,吉祥里,2
DVP0184953,2,0,0,0,0,0,0,0,0,0,0,0,0,0,0,0,0,0,0,0,1,0,0,0,1,0,0,0,0,0,0,0,1,1,1,0,0,0,1,0,,0,0,0,8,1,41,不詳,7,121.6160196,25.0673336,內湖區,五分里,2
DVP0195562,2,0,2,1,0,0,0,0,1,0,0,0,0,0,0,0,0,1,0,0,1,0,0,0,0,0,0,0,0,0,0,1,0,2,1,0,1,0,1,0,,0,0,12,0,1,56,服務業,9,121.473843,25.121325,北投區,關渡里,2
DV00709618,2,0,3,0,0,0,0,0,0,0,1,0,0,1,0,0,1,0,0,0,1,0,0,0,1,0,0,0,0,0,0,0,0,1,1,0,1,0,0,0,,NA,NA,0,35,3,43,,9,121.5192856,25.0929696,士林區,福佳里,2
DVP0152020,2,0,0,0,0,0,0,0,0,0,0,0,0,0,0,0,0,0,0,0,1,0,0,0,0,0,0,0,0,0,0,0,0,1,1,0,0,0,1,0,,0,0,0,20,1,44,不詳,3,121.5090164,25.0855548,士林區,葫蘆里,2
DVP0179164,2,0,5,1,0,0,0,0,0,1,1,0,0,1,1,0,1,0,0,0,1,0,0,0,0,1,0,0,0,0,0,0,0,2,1,0,1,0,0,0,,0,0,60,44,1,31,家庭管理,9,121.500165,25.018046,萬華區,興德里,2
DVP0171917,2,0,3,1,1,0,1,0,0,0,0,0,0,0,0,1,0,0,0,0,1,0,0,0,0,0,0,0,0,0,0,0,0,1,1,0,1,0,0,0,,0,0,12,10,1,34,家庭管理,5,121.5485501,25.0612711,松山區,民有里,2
DVP0171971,2,0,1,1,0,0,0,0,0,1,0,0,0,0,0,0,0,0,0,0,1,0,0,0,0,0,0,0,0,0,0,0,0,1,1,0,0,0,1,1,床被單,0,0,6,27,1,47,商業,7,121.563812,25.024551,信義區,雙和里,2
DVP0212563,2,0,2,1,0,0,1,0,1,0,0,0,0,0,0,0,0,0,0,0,1,0,1,0,1,1,0,0,0,0,0,0,0,6,2,0,1,0,1,0,,0,0,0,35,1,34,家庭管理,3,121.479128,25.1356603,北投區,桃源里,2
DVP0140191,2,0,1,0,0,0,0,0,0,0,0,0,0,0,0,0,1,0,0,0,0,0,0,0,0,0,0,1,0,0,0,0,0,1,1,0,1,0,0,0,,0,0,0,5,1,67,,6,121.562128,24.994222,文山區,興家里,2
DV00634005,2,0,1,0,0,0,0,0,0,0,0,0,0,0,0,1,0,0,0,0,1,0,0,0,0,0,0,0,0,1,0,0,0,1,1,0,1,0,0,0,,0,0,0,22,1,34,不詳,7,121.5074855,25.0307405,中正區,廈安里,2
DVP0156203,2,0,2,0,0,0,0,0,0,0,0,0,1,0,0,1,0,0,0,0,1,0,0,0,0,0,0,0,0,0,0,0,0,6,2,0,0,0,1,0,,0,0,0,16,1,32,,8,121.502763,25.138389,北投區,中心里,2
DV00685599,2,0,6,1,1,0,0,0,0,0,1,0,0,0,1,1,1,1,0,0,1,0,1,0,1,0,0,0,0,0,0,0,0,1,1,0,0,0,1,1,塑膠椅子,NA,NA,0,5,1,40,服務業,5,121.4930829,25.0232756,萬華區,孝德里,2
DVP0151427,2,0,5,2,0,1,0,1,1,0,0,0,0,0,0,0,1,0,1,0,1,0,0,0,0,0,0,0,0,0,0,0,0,1,1,0,1,0,0,0,,0,0,60,45,1,49,教,7,121.5203681,25.1095337,北投區,榮華里,2
DV00725408,2,0,3,1,0,0,0,0,1,0,0,0,0,0,0,0,0,1,1,0,1,0,0,1,0,0,0,0,0,0,0,0,0,1,1,0,1,0,1,NA,,0,0,12,10,1,35,家庭管理,7,121.5186227,25.113093,北投區,裕民里,2
DVP0213196,2,0,0,0,0,0,0,0,0,0,0,0,0,0,0,0,0,0,0,0,0,0,0,0,0,0,0,0,0,0,0,1,1,1,1,0,1,0,0,0,,0,0,0,2,1,47,不詳,9,121.571685,25.0247429,信義區,六合里,2
DVP0137409,2,0,6,1,0,0,0,1,0,0,1,0,0,1,0,1,0,1,1,0,1,0,0,0,0,0,0,1,0,0,0,0,0,1,1,0,1,0,1,1,鞋子,0,0,0,18,1,49,其他,9,121.5292186,25.1192822,士林區,天玉里,2
DV00687039,2,1,8,1,1,1,0,0,0,0,1,0,0,1,1,1,1,0,1,0,0,0,0,0,1,0,0,0,0,0,0,0,0,1,1,0,0,0,1,0,,0,0,8,49,1,41,服務業,3,121.4922278,25.0261687,萬華區,和德里,2
DVP0170065,2,0,1,0,0,0,0,0,0,0,0,0,0,0,1,0,0,0,0,0,1,0,1,0,0,0,0,0,0,0,0,0,0,1,1,0,1,0,1,0,,0,0,0,3,1,39,,5,121.5288612,25.0676961,中山區,新庄里,2
DV00653162,2,0,4,2,0,0,0,1,1,0,0,0,0,0,0,0,0,1,1,0,0,0,0,0,0,0,1,0,0,0,0,0,0,1,1,0,0,0,1,1,刀,0,0,0,8,1,63,退休,5,121.5233244,25.0641671,中山區,恆安里,2
DVP0211554,2,0,1,0,0,0,0,0,0,0,0,0,0,0,0,1,0,0,0,0,1,0,0,0,0,0,0,0,0,0,0,0,0,6,2,0,0,0,1,1,詳細物品不清楚,0,0,12,9,1,44,服務業,9,121.5393837,25.0412825,大安區,義村里,2
DVP0154857,2,0,1,0,0,0,0,0,0,0,0,0,0,0,0,0,1,0,0,0,1,0,0,0,1,0,0,0,0,0,0,1,0,3,2,0,0,0,1,0,,0,0,0,10,1,22,學生,5,121.491062,25.031249,萬華區,綠堤里,2
DV00668500,2,0,1,0,0,0,0,0,0,0,0,0,0,0,1,0,0,0,0,0,0,0,0,0,0,0,0,0,0,0,0,1,0,1,1,0,1,0,0,NA,,NA,NA,0,4,1,44,家庭管理,9,121.518604,25.090747,士林區,後港里,2
DVP0169709,2,0,0,0,0,0,0,0,0,0,0,0,0,0,0,0,0,0,0,0,0,0,0,0,1,0,0,0,0,1,0,0,0,1,1,0,1,0,0,0,,0,0,0,2,1,44,,9,121.540593,25.021701,大安區,龍淵里,2
DVP0213351,2,0,3,1,0,0,0,1,0,0,0,0,0,1,0,1,0,0,0,0,1,0,0,0,0,0,0,0,0,0,0,0,0,1,1,0,0,0,1,1,雨傘、水果,0,0,24,2,1,63,其他,4,121.535369,25.0674639,中山區,行孝里,2
DVP0175089,2,1,12,3,1,1,1,0,1,1,1,0,1,0,1,1,1,1,1,0,1,0,1,1,1,0,0,0,1,1,0,0,1,1,1,1,1,1,1,1,,0,0,156,79,1,32,服務業,4,121.4907067,25.0277866,萬華區,和德里,2
DVP0141065,2,0,2,1,0,0,0,1,0,0,0,0,0,0,0,0,0,1,0,0,1,0,0,0,0,0,0,1,0,0,0,0,0,1,1,0,1,0,1,1,,0,0,1,8,1,44,不詳,3,121.507387,25.0847973,士林區,葫蘆里,2
DV00711831,2,0,0,0,0,0,0,0,0,0,0,0,0,0,0,0,0,0,0,0,1,0,0,0,0,0,0,0,0,0,0,0,0,1,1,0,0,0,1,NA,,NA,NA,0,21,1,62,服務業,4,121.6160196,25.0673336,內湖區,五分里,2
DVP0195595,2,0,0,0,0,0,0,0,0,0,0,0,0,0,0,0,0,0,0,0,1,0,0,0,0,0,0,0,0,0,0,0,0,1,1,0,1,0,1,0,,0,0,0,4,1,56,,3,121.5040274,25.092518,士林區,永倫里,2
DV00658288,2,0,6,1,0,0,1,0,1,0,0,0,1,0,1,0,0,1,1,0,0,0,0,0,0,0,0,0,0,0,0,1,0,1,1,0,1,0,1,0,,0,0,12,16,1,24,服務業,9,121.4948395,25.1444443,北投區,智仁里,2
DV00678070,2,0,0,0,0,0,0,0,0,0,0,0,0,0,0,0,0,0,0,0,1,0,0,0,0,0,0,0,0,1,0,0,0,1,1,0,1,0,1,0,,0,0,0,41,1,32,商業,5,121.5530282,25.0483556,松山區,美仁里,2
DVP0203555,2,0,4,0,0,0,0,0,0,0,0,0,0,1,0,1,1,0,1,0,1,0,1,0,0,0,0,0,0,0,0,0,0,1,1,0,1,0,0,1,刀子,0,0,12,6,1,34,家庭管理,9,121.615269,25.0706909,內湖區,安湖里,2
DV00706978,2,0,0,0,0,0,0,0,0,0,0,0,0,0,0,0,0,0,0,0,0,0,0,0,1,0,0,0,0,0,0,0,0,1,1,0,1,0,1,0,,0,0,0,17,1,40,警,6,121.5392483,25.0224767,大安區,龍淵里,2
DV00723950,2,0,0,0,0,0,0,0,0,0,0,0,0,0,0,0,0,0,0,0,1,0,1,0,0,0,0,0,0,0,0,0,0,1,1,0,1,0,1,0,,0,0,0,9,1,33,家庭管理,5,121.5235328,25.0825114,士林區,承德里,2
DVP0189602,2,0,0,0,0,0,0,0,0,0,0,0,0,0,0,0,0,0,0,0,1,0,0,0,0,0,0,0,0,0,0,0,0,1,1,0,1,0,1,0,,0,0,0,2,1,27,不詳,9,121.5612615,25.0125099,大安區,黎和里,2
DV00678091,2,0,3,1,1,0,0,0,0,0,0,0,0,0,1,1,0,0,0,0,0,0,0,0,1,0,0,1,0,0,0,0,0,1,1,0,1,0,0,0,,0,0,24,263,1,34,不詳,5,121.572565,25.046126,信義區,五常里,2
DI00404058,2,0,6,2,0,0,0,1,1,0,1,1,0,0,0,0,1,0,1,0,1,0,0,0,1,0,0,0,0,0,0,0,0,1,1,0,0,0,1,1,,0,0,480,-17,1,67,不詳,4,121.6173534,25.0360999,南港區,九如里,2
DVP0139389,2,0,0,0,0,0,0,0,0,0,0,0,0,0,0,0,0,0,0,0,0,1,0,0,0,0,0,0,0,0,0,0,0,1,1,0,1,0,0,0,,0,0,0,2,1,40,不詳,7,121.5545812,25.0497024,松山區,復勢里,2
DVP0150332,2,0,2,0,0,0,0,0,0,0,1,0,0,0,0,0,0,0,1,0,0,0,0,0,1,0,0,0,0,0,0,0,0,4,2,0,0,0,1,0,,0,0,3,96,1,23,服務業,9,121.5285609,25.060447,中山區,新生里,2
DVP0141318,2,0,0,0,0,0,0,0,0,0,0,0,0,0,0,0,0,0,0,0,0,0,0,0,0,0,0,0,0,1,0,0,0,1,1,0,1,0,0,0,,0,0,0,1,1,58,,6,121.5554503,25.04292,大安區,華聲里,2
DV00718357,2,0,1,0,0,0,0,0,0,0,0,0,0,0,0,0,0,0,1,0,1,0,0,0,0,0,0,0,0,0,0,0,0,3,2,0,1,0,1,0,,0,0,6,19,1,20,學生,5,121.5200316,25.1177379,北投區,振華里,2
DVP0199803,2,0,0,0,0,0,0,0,0,0,0,0,0,0,0,0,0,0,0,0,0,0,0,0,0,0,1,1,0,0,0,0,1,6,2,0,1,0,1,0,,0,0,0,5,1,43,不詳,9,121.6209034,25.0702795,內湖區,樂康里,2
DVP0146286,2,0,1,0,0,0,0,0,0,0,0,0,0,0,0,0,0,0,1,0,0,0,0,0,1,0,0,0,0,0,0,0,0,1,1,0,1,0,1,0,,0,0,0,2,3,65,不詳,3,121.4691376,25.1284084,北投區,一德里,2
DVP0157320,2,0,1,0,0,0,0,0,0,0,0,0,0,0,0,0,0,0,1,0,0,0,0,0,1,0,0,0,0,0,0,1,0,1,1,0,0,0,1,0,,0,0,96,10,1,39,商業,9,121.5441365,25.1226213,士林區,東山里,2
DVP0211106,2,0,0,0,0,0,0,0,0,0,0,0,0,0,0,0,0,0,0,0,1,0,0,0,0,0,0,0,0,0,0,0,0,1,1,0,1,0,0,0,,0,0,0,7,1,50,不詳,6,121.5359222,25.118853,士林區,天和里,2
DVP0188975,2,0,0,0,0,0,0,0,0,0,0,0,0,0,0,0,0,0,0,0,1,0,0,0,1,0,0,0,0,0,0,0,0,1,1,0,1,0,1,0,,0,0,1,4,1,54,不詳,5,121.5577773,25.0346626,信義區,西村里,2
DV00680664,2,0,2,0,0,0,0,0,0,0,0,0,0,0,0,1,0,1,0,1,1,0,0,0,1,0,0,0,0,0,0,0,0,1,1,0,0,0,1,0,,0,0,1,4,1,43,其他,7,121.563812,25.024551,信義區,雙和里,2
DV00707523,2,0,0,0,0,0,0,0,0,0,0,0,0,0,0,0,0,0,0,0,1,0,0,0,0,0,0,0,0,0,0,0,0,1,1,0,1,0,0,0,,0,0,0,8,1,30,不詳,5,121.5054297,25.1187283,北投區,立農里,2
DVP0211814,2,0,0,0,0,0,0,0,0,0,0,0,0,0,0,0,0,0,0,0,1,0,1,0,0,0,0,0,0,0,0,0,0,11,4,0,0,0,1,0,,0,0,0,34,1,44,不詳,7,121.5069764,25.0349562,中正區,愛國里,2
DVP0164712,2,0,6,3,1,0,0,0,1,1,1,0,0,0,0,0,0,1,1,0,1,0,0,0,0,0,0,1,0,0,0,0,0,1,1,0,1,0,1,0,,0,0,0,20,1,49,其他,3,121.5292186,25.1192822,士林區,天玉里,2
DVP0187449,2,0,0,0,0,0,0,0,0,0,0,0,0,0,0,0,0,0,0,0,0,0,0,0,0,0,0,0,0,1,0,0,0,1,1,0,1,0,0,0,,0,0,1,2,1,79,退休,9,121.5282049,25.1125099,士林區,天祿里,2
DV00726018,2,0,0,0,0,0,0,0,0,0,0,0,0,0,0,0,0,0,0,0,0,0,0,0,1,0,0,0,0,0,0,0,0,1,1,0,1,0,1,0,,0,0,0,9,1,64,服務業,5,121.52319,25.080826,士林區,承德里,2
DVP0188273,2,0,2,2,0,0,0,0,1,1,0,0,0,0,0,0,0,0,0,0,0,0,0,0,0,0,0,1,0,0,0,0,0,1,1,0,1,0,1,1,電風扇,0,0,12,1,1,37,服務業,9,121.5497279,25.0312749,大安區,義安里,2
DVP0158090,2,0,0,0,0,0,0,0,0,0,0,0,0,0,0,0,0,0,0,0,0,0,0,0,0,0,1,0,0,1,0,0,1,1,1,0,1,0,1,0,,0,0,0,4,1,37,服務業,9,121.523119,25.0471864,中正區,梅花里,2
DVP0205503,2,1,8,3,1,0,0,0,1,1,1,0,0,0,1,0,1,1,1,0,0,0,0,0,1,0,0,1,0,0,0,0,0,4,2,0,1,0,0,0,,0,0,1,75,2,34,,7,121.5405176,25.0262425,大安區,龍生里,2
DV00676381,2,0,2,0,0,0,0,0,0,0,0,0,1,0,1,0,0,0,0,0,1,0,0,0,0,0,0,0,0,0,0,0,0,1,1,0,1,0,0,0,,1,0,36,10,1,44,無工作,6,121.508856,25.0842433,士林區,葫蘆里,2
DV00700929,2,0,0,0,0,0,0,0,0,0,0,0,0,0,0,0,0,0,0,0,1,0,0,0,0,0,0,0,0,0,0,0,1,1,1,0,0,0,1,1,遙控器,0,0,0,38,1,57,,4,121.5045594,25.0342729,萬華區,富福里,2
DV00594821,2,0,6,1,0,0,1,1,0,0,0,0,1,0,0,1,0,1,1,0,0,0,1,0,0,0,0,0,0,0,0,0,0,1,NA,0,0,0,1,0,,0,0,12,16,1,38,,6,121.5226358,25.1071532,士林區,蘭興里,2
DV00680809,2,0,0,0,0,0,0,0,0,0,0,0,0,0,0,0,0,0,0,0,0,0,0,0,1,0,0,0,0,0,0,0,0,1,1,0,0,0,1,1,叉子,0,0,0,38,1,39,其他,7,121.611814,25.0750794,內湖區,康寧里,2
DVP0212407,2,0,3,0,0,0,0,0,0,0,0,0,1,0,1,0,1,0,0,0,0,0,0,0,1,0,0,0,0,0,0,0,0,12,4,0,0,0,1,0,,0,0,1,1,1,33,不詳,3,121.573698,25.04537,信義區,五全里,2
DV00704070,2,0,1,0,0,0,1,0,0,0,0,0,0,0,0,0,0,0,0,0,0,0,0,0,1,0,0,0,0,0,0,0,0,1,1,0,0,0,1,NA,,NA,NA,0,1145,1,32,不詳,6,121.553988,25.0202973,大安區,黎孝里,2
DVP0183602,2,0,0,0,0,0,0,0,0,0,0,0,0,0,0,0,0,0,0,0,0,0,1,0,0,0,0,0,0,0,0,0,0,1,1,0,0,0,1,0,,0,0,0,2,1,42,不詳,5,121.506084,25.141819,北投區,開明里,2
DVP0189689,2,0,0,0,0,0,0,0,0,0,0,0,0,0,0,0,0,0,0,0,0,0,0,0,1,0,0,0,0,0,0,0,0,1,1,0,0,0,1,0,,0,0,6,3,1,28,,5,121.5296246,25.0565497,中山區,中原里,2
DV00606761,2,0,3,1,1,0,1,0,0,0,0,0,0,0,0,0,0,0,1,0,1,0,0,0,0,0,0,0,0,1,0,0,0,1,1,0,0,0,1,0,,0,0,8,7,1,25,服務業,9,121.6215523,25.0377337,南港區,舊莊里,2
DV00689777,2,0,0,0,0,0,0,0,0,0,0,0,0,0,0,0,0,0,0,0,1,0,0,0,0,0,0,0,0,0,0,0,0,1,1,0,1,0,0,1,藤條,0,0,0,33,1,48,不詳,6,121.4952762,25.1449897,北投區,智仁里,2
DV00696793,2,0,0,0,0,0,0,0,0,0,0,0,0,0,0,0,0,0,0,0,1,0,0,0,0,0,0,0,0,0,0,0,0,12,4,0,1,0,1,NA,,NA,NA,0,22,1,57,服務業,5,121.576417,25.07572,內湖區,港墘里,2
DV00601128,2,0,1,0,0,0,0,0,0,0,0,0,0,0,0,0,0,0,1,0,1,0,0,0,0,0,0,0,0,0,0,0,0,6,2,0,1,0,1,0,,0,0,60,44,1,29,服務業,5,121.5273086,25.0970399,士林區,舊佳里,2
DV00633203,2,0,2,1,1,0,0,0,0,0,0,0,0,0,0,0,0,0,1,0,1,0,0,0,0,0,0,0,0,0,0,0,0,1,1,0,0,0,1,0,,0,0,18,5,1,36,專門職業,6,121.5864972,25.0644905,內湖區,石潭里,2
DVP0213566,2,0,0,0,0,0,0,0,0,0,0,0,0,0,0,0,0,0,0,0,1,0,0,0,0,0,0,0,0,0,0,0,0,11,4,0,1,0,1,0,,0,0,0,2,1,38,不詳,9,121.5188411,25.0824265,士林區,福華里,2
DVP0210446,3,0,4,1,1,1,0,0,0,0,0,0,0,0,0,1,0,0,1,0,0,0,0,0,0,0,0,1,0,0,0,0,0,1,1,0,1,0,0,0,,0,0,24,3,1,47,,5,121.5276655,25.0396222,中正區,文北里,3
DV00675054,4,0,3,1,0,0,0,0,1,0,0,0,1,0,0,0,0,0,1,0,1,0,0,0,0,0,0,0,0,0,0,1,0,1,1,0,0,0,1,NA,,NA,NA,0,11,2,46,不詳,5,121.5017047,25.0237173,萬華區,忠貞里,3
DVP0193844,3,0,3,0,0,0,1,0,0,0,0,0,0,0,0,0,1,0,1,0,0,0,0,0,1,0,0,0,0,0,0,0,1,1,1,0,0,0,1,0,,0,0,360,31,2,55,,4,121.590043,25.0484506,南港區,聯成里,3
DV00725399,3,0,4,1,1,0,1,0,0,0,0,0,0,0,0,1,0,0,1,0,0,0,0,0,0,0,0,1,0,0,0,1,0,1,1,0,0,0,1,0,,0,0,60,24,3,44,無工作,6,121.607549,25.074941,內湖區,金湖里,3
DV00607108,3,0,6,2,0,0,0,0,1,1,1,0,0,0,0,0,1,1,1,0,1,0,0,0,0,0,0,1,0,1,0,0,0,1,1,0,1,0,1,NA,,NA,NA,0,38,1,56,不詳,9,121.5310741,25.1128127,士林區,天祿里,3
DV00666044,3,0,0,0,0,0,0,0,0,0,0,0,0,0,0,0,0,0,0,0,1,0,0,0,0,0,0,0,0,0,0,0,0,1,1,0,1,0,1,1,棍子,0,0,0,7,1,49,,7,121.5504029,25.0445536,大安區,建安里,3
DVP0154443,3,0,1,0,0,0,0,0,0,0,0,0,1,0,0,0,0,0,0,0,0,0,1,0,0,0,0,0,0,0,0,0,0,1,1,0,1,0,0,0,,0,0,0,2,1,35,不詳,5,121.518604,25.090747,士林區,後港里,3
DI00405326,4,1,10,3,0,0,0,1,1,1,0,0,1,1,1,1,1,1,1,0,1,0,0,0,0,0,0,1,1,0,0,1,1,11,4,0,1,1,1,0,,0,0,72,1,1,56,服務業,9,121.590631,25.040003,南港區,成福里,3
DV00579734,3,0,4,0,0,0,1,0,0,0,1,0,0,0,0,1,1,0,0,0,1,0,0,0,1,0,0,0,0,0,0,0,0,1,1,0,0,0,1,0,,0,0,48,42,1,33,家庭管理,5,121.5599568,25.0370637,信義區,正和里,3
DVP0149787,3,0,0,0,0,0,0,0,0,0,0,0,0,0,0,0,0,0,0,0,1,0,0,0,0,0,0,0,0,0,0,0,0,1,1,0,0,0,1,0,,0,0,12,8,1,54,,5,121.590043,25.0484506,南港區,聯成里,3
DI00407939,3,0,5,1,1,0,1,0,0,0,0,1,0,1,0,1,0,0,0,0,1,0,1,0,0,0,0,0,0,0,0,0,0,1,1,0,0,0,1,1,脫鞋、拳頭、腳,0,0,96,3,1,41,教,7,121.5964517,25.0805532,內湖區,清白里,3
DVP0179933,3,0,2,1,0,0,0,1,0,0,0,0,0,0,0,0,1,0,0,0,1,0,0,0,1,0,0,0,0,0,0,0,0,12,1,0,1,0,1,1,水果刀,0,0,0,4,1,53,服務業,9,121.5657668,25.0597192,松山區,富錦里,3
DVP0179750,4,0,1,0,0,1,0,0,0,0,0,0,0,0,0,0,0,0,0,0,1,0,0,0,1,0,0,0,0,0,0,0,0,1,1,0,0,0,1,0,,0,0,0,8,1,33,不詳,5,121.511618,25.08359,士林區,福順里,3
DV00693070,3,0,1,0,0,0,0,0,0,0,0,0,0,0,0,0,1,0,0,0,0,0,0,0,1,0,0,0,0,0,0,0,0,1,1,0,1,0,0,NA,,NA,NA,0,22,1,33,不詳,5,121.541298,24.990665,文山區,景行里,3
DI00404519,3,0,5,2,0,0,0,1,1,0,0,0,0,0,0,0,1,1,1,0,0,0,0,0,1,0,0,1,0,0,0,0,0,1,1,0,1,0,0,1,刀,0,0,36,8,1,43,,6,121.528236,25.121461,士林區,天玉里,3
DVP0167179,4,1,9,3,0,0,0,1,1,1,0,0,1,1,1,1,1,1,0,0,1,0,0,0,0,0,0,0,0,0,0,1,0,11,4,0,1,0,0,0,,0,0,84,10,1,56,,9,121.590631,25.040003,南港區,成福里,3
DVP0207111,3,0,2,0,0,0,0,0,0,0,0,0,0,0,0,0,1,1,0,0,1,0,0,0,0,0,0,0,0,1,0,1,0,1,1,0,1,0,0,NA,,NA,NA,18,12,1,35,商業,7,121.5391739,25.1094352,士林區,芝山里,3
DI00409535,3,0,0,0,0,0,0,0,0,0,0,0,0,0,0,0,0,0,0,0,0,0,0,0,0,0,0,1,0,0,0,0,0,2,1,0,1,0,0,0,,1,0,0,3,1,57,不詳,4,121.5276655,25.0396222,中正區,文北里,3
DV00674694,3,0,1,0,0,0,0,0,0,0,0,0,0,0,0,0,0,0,1,0,1,0,0,0,0,0,0,0,0,0,0,0,0,1,1,0,0,0,1,0,,0,0,480,39,1,65,商業,9,121.5547389,25.0006012,文山區,興得里,3
DVP0177934,7,0,2,0,0,0,0,0,0,0,0,0,0,0,0,0,0,1,1,0,1,0,0,0,0,0,1,1,0,0,0,0,0,1,1,0,1,0,1,0,,0,0,12,3,2,51,無工作,5,121.511363,25.062403,大同區,南芳里,3
DV00720341,3,0,4,1,0,0,1,1,0,0,1,0,1,0,0,0,0,0,0,0,0,0,0,0,0,0,0,0,0,0,0,0,1,1,1,0,1,0,0,NA,,NA,NA,0,13,1,44,不詳,9,121.528236,25.121461,士林區,天玉里,3
DVP0145495,3,0,5,3,0,0,0,1,1,1,0,0,0,0,0,1,0,1,0,0,0,0,0,0,1,0,0,0,0,0,0,0,0,1,1,0,0,0,1,1,水果刀,0,0,0,3,1,27,無工作,5,121.5187509,25.0826351,士林區,福華里,3
DVP0137635,3,0,7,3,1,0,1,0,1,1,0,1,0,0,0,1,0,1,0,0,1,0,0,0,0,0,0,0,0,0,0,1,0,1,1,0,1,0,0,0,,0,0,72,12,1,40,公教軍警,7,121.5964517,25.0805532,內湖區,清白里,3
DI00409535,3,0,0,0,0,0,0,0,0,0,0,0,0,0,0,0,0,0,0,0,0,0,0,0,0,0,0,1,0,0,0,0,0,2,1,0,1,0,0,0,,1,0,0,3,1,57,不詳,4,121.5276655,25.0396222,中正區,文北里,3
DVP0191122,3,1,7,4,1,0,0,1,1,1,0,0,0,0,1,1,1,0,0,0,0,1,0,0,0,0,0,1,0,0,0,0,0,1,1,0,1,0,0,0,,0,0,42,7,1,43,商業,5,121.5331202,25.0459971,中山區,朱園里,3
DVP0144494,3,0,1,0,0,0,0,0,0,0,0,0,0,0,0,1,0,0,0,0,1,0,0,0,0,0,0,0,0,0,0,0,0,1,1,0,1,0,0,0,,0,0,8,13,1,33,不詳,5,121.5200577,25.022335,中正區,網溪里,3
DI00407035,3,0,6,3,1,0,0,0,1,1,0,0,0,0,0,1,0,1,1,0,1,0,0,0,0,0,0,0,0,0,0,0,0,1,1,0,0,0,1,0,,0,0,60,5,1,34,家庭管理,5,121.5200577,25.022335,中正區,網溪里,3
DV00599124,3,0,5,2,1,0,0,0,0,1,0,0,0,0,0,1,0,1,1,0,0,0,0,0,1,0,0,0,0,0,0,0,0,2,1,0,0,0,1,0,,0,0,6,4,1,53,服務業,9,121.5657668,25.0597192,松山區,富錦里,3
DV00718772,4,0,1,1,1,0,0,0,0,0,0,0,0,0,0,0,0,0,0,0,1,0,0,0,0,0,0,0,0,0,0,1,0,1,1,0,1,0,1,1,石頭,0,0,0,51,1,33,,6,121.49945,25.019069,萬華區,興德里,3
DVP0187697,3,0,1,0,0,0,0,0,0,0,0,0,0,0,0,0,1,0,0,0,1,0,0,0,0,0,0,0,0,0,0,0,0,1,1,0,0,0,1,0,,0,0,12,10,1,49,,7,121.5562892,25.0527709,松山區,東勢里,3
DVP0207111,3,0,2,0,0,0,0,0,0,0,0,0,0,0,0,0,1,1,0,0,1,0,0,0,0,0,0,0,0,1,0,1,0,1,1,0,1,0,0,NA,,NA,NA,18,12,1,35,商業,7,121.5391739,25.1094352,士林區,芝山里,3
DV00721852,3,0,0,0,0,0,0,0,0,0,0,0,0,0,0,0,0,0,0,0,1,0,1,0,0,0,0,0,0,0,0,1,0,1,1,0,1,0,0,0,,0,0,0,32,1,51,商業,3,121.5276655,25.0396222,中正區,文北里,3
DI00409759,3,0,0,0,0,0,0,0,0,0,0,0,0,0,0,0,0,0,0,0,1,0,0,0,1,0,0,0,0,0,0,0,0,1,1,0,0,0,1,0,,0,0,0,-26,1,37,家庭管理,7,121.5612123,25.0609474,松山區,東榮里,3
DVP0210961,3,0,1,0,0,0,0,0,0,0,0,0,0,0,0,1,0,0,0,0,0,0,1,0,0,0,0,0,0,0,0,0,0,2,1,0,1,0,0,0,,0,0,12,195,1,51,無工作,7,121.5276655,25.0396222,中正區,文北里,3
DVP0204159,4,0,0,0,0,0,0,0,0,0,0,0,0,0,0,0,0,0,0,0,1,0,0,0,0,0,0,0,0,1,0,0,0,1,1,0,1,0,0,0,,0,0,36,4,1,38,專門職業,5,121.604307,25.086578,內湖區,大湖里,3
DVP0142758,3,0,1,0,0,0,0,0,0,0,0,0,1,0,0,0,0,0,0,0,0,0,0,0,0,0,0,0,0,1,0,0,1,6,1,0,1,0,1,0,,0,0,1,49,1,30,,8,121.5705365,25.0481141,信義區,雅祥里,3
DV00576302,4,0,0,0,0,0,0,0,0,0,0,0,0,0,0,0,0,0,0,0,1,0,0,0,0,0,0,0,0,0,0,1,0,1,1,0,0,0,1,0,,0,0,0,23,1,43,其他,6,121.49945,25.019069,萬華區,興德里,3
DV00680945,3,0,0,0,0,0,0,0,0,0,0,0,0,0,0,0,0,0,0,0,0,0,0,0,0,0,0,0,0,0,0,1,0,1,1,0,0,0,1,NA,,0,0,0,33,1,44,無工作,9,121.607549,25.074941,內湖區,金湖里,3
DI00409467,4,0,5,3,1,1,0,0,1,1,0,0,0,0,1,0,0,0,0,0,1,0,0,0,0,0,0,0,0,0,0,0,0,2,1,0,1,0,1,NA,,NA,NA,6,13,1,44,其他,9,121.49945,25.019069,萬華區,興德里,3
DV00718772,4,0,1,1,1,0,0,0,0,0,0,0,0,0,0,0,0,0,0,0,1,0,0,0,0,0,0,0,0,0,0,1,0,1,1,0,1,0,1,1,石頭,0,0,0,51,1,33,,6,121.49945,25.019069,萬華區,興德里,3
DI00405089,3,0,7,2,0,0,0,1,0,1,0,0,1,1,1,1,0,1,0,0,0,0,0,0,0,0,0,0,0,0,0,1,0,11,4,0,1,0,1,0,,0,0,0,1,2,56,,9,121.590631,25.040003,南港區,成福里,3
DVP0137274,3,0,0,0,0,0,0,0,0,0,0,0,0,0,0,0,0,0,0,0,0,0,0,0,0,0,0,0,0,1,0,0,0,1,1,0,0,0,1,1,拐杖,0,0,0,4,1,72,,9,121.5780915,25.0764907,內湖區,港墘里,3
DVP0157473,3,0,0,0,0,0,0,0,0,0,0,0,0,0,0,0,0,0,0,0,0,0,0,0,1,0,0,0,0,0,0,0,0,1,1,0,1,0,1,1,刀子,1,1,0,4,1,34,,6,121.5612123,25.0609474,松山區,東榮里,3
DVP0136809,4,0,0,0,0,0,0,0,0,0,0,0,0,0,0,0,0,0,0,0,1,0,0,0,0,0,0,0,0,0,0,0,0,2,1,0,0,0,1,NA,,NA,NA,0,4,1,32,,4,121.49945,25.019069,萬華區,興德里,3
DVP0187703,3,0,0,0,0,0,0,0,0,0,0,0,0,0,0,0,0,0,0,0,1,0,0,0,1,0,0,0,0,0,0,0,0,1,1,0,1,0,0,0,,0,0,12,10,1,43,,6,121.5562892,25.0527709,松山區,東勢里,3
DVP0154443,3,0,1,0,0,0,0,0,0,0,0,0,1,0,0,0,0,0,0,0,0,0,1,0,0,0,0,0,0,0,0,0,0,1,1,0,1,0,0,0,,0,0,0,2,1,35,不詳,5,121.518604,25.090747,士林區,後港里,3
DVP0161078,3,0,0,0,0,0,0,0,0,0,0,0,0,0,0,0,0,0,0,0,1,0,0,0,0,0,0,0,0,0,0,0,0,1,1,0,1,0,1,0,,0,0,0,3,1,35,,5,121.5391739,25.1094352,士林區,芝山里,3
DV00675406,4,1,8,2,1,0,0,0,1,0,1,0,1,0,1,1,0,1,1,0,1,0,0,0,0,0,0,0,0,0,0,0,1,1,1,0,1,0,1,0,,0,0,180,11,1,43,服務業,9,121.5830054,25.0504789,南港區,玉成里,3
DV00584494,3,0,6,1,1,0,0,0,0,0,1,1,0,0,0,1,1,0,1,0,0,1,0,0,1,0,0,0,0,1,0,1,0,1,1,0,0,0,1,0,,0,0,36,88,2,50,無工作,6,121.5310741,25.1128127,士林區,天祿里,3
DVP0149203,3,0,0,0,0,0,0,0,0,0,0,0,0,0,0,0,0,0,0,0,0,0,0,0,0,0,0,0,0,0,0,1,0,1,1,0,0,0,1,0,,0,0,12,11,1,40,其他,9,121.5543071,24.9824252,文山區,樟文里,3
DV00704174,3,0,6,1,0,0,1,0,0,1,0,1,1,0,0,0,1,0,1,0,0,0,0,0,0,0,0,1,0,0,0,0,0,1,1,0,0,0,1,0,,0,NA,6,14,3,25,不詳,9,121.590043,25.0484506,南港區,聯成里,3
DV00583901,3,0,0,0,0,0,0,0,0,0,0,0,0,0,0,0,0,0,0,0,1,0,0,0,0,0,0,0,0,0,0,0,0,1,1,0,0,0,1,0,,0,0,0,11,1,42,不詳,6,121.4831873,25.1377086,北投區,桃源里,3
DVP0206279,4,0,2,0,0,0,0,0,0,0,0,0,0,0,0,1,0,0,1,0,0,0,1,0,0,0,0,0,0,0,0,0,0,1,1,0,0,0,1,0,,0,0,12,1,1,33,家庭管理,5,121.49945,25.019069,萬華區,興德里,3
DVP0142671,5,0,2,0,0,0,0,0,0,0,0,0,0,0,0,0,1,0,1,0,1,0,0,0,0,0,0,0,0,0,0,0,0,1,1,0,0,0,1,0,,0,0,0,5,1,37,不詳,6,121.5112533,25.0797093,士林區,福順里,3
DVP0204159,4,0,0,0,0,0,0,0,0,0,0,0,0,0,0,0,0,0,0,0,1,0,0,0,0,0,0,0,0,1,0,0,0,1,1,0,1,0,0,0,,0,0,36,4,1,38,專門職業,5,121.604307,25.086578,內湖區,大湖里,3
DVP0191122,3,1,7,4,1,0,0,1,1,1,0,0,0,0,1,1,1,0,0,0,0,1,0,0,0,0,0,1,0,0,0,0,0,1,1,0,1,0,0,0,,0,0,42,7,1,43,商業,5,121.5331202,25.0459971,中山區,朱園里,3
DVP0173703,3,0,0,0,0,0,0,0,0,0,0,0,0,0,0,0,0,0,0,0,0,0,0,0,0,0,1,0,0,1,0,0,0,1,1,0,1,0,0,0,,0,0,6,15,1,38,,9,121.569275,25.022217,信義區,泰和里,3
DVP0160499,3,0,5,2,1,0,1,0,0,1,0,1,0,0,0,0,1,0,0,0,0,0,0,0,0,0,0,0,0,1,0,0,0,1,1,0,1,0,1,0,,0,0,120,6,1,49,服務業,4,121.5504029,25.0445536,大安區,建安里,3
DV00690179,4,0,0,0,0,0,0,0,0,0,0,0,0,0,0,0,0,0,0,0,0,0,0,0,1,0,0,0,0,0,0,0,1,6,NA,0,0,0,1,0,,0,0,0,8,1,50,工礦業,6,121.5242237,25.0676337,中山區,圓山里,3
DV00663842,4,0,1,1,0,0,0,0,0,1,0,0,0,0,0,0,0,0,0,0,0,0,0,0,0,0,0,1,0,0,0,0,1,6,1,0,1,0,0,0,,0,0,0,8,3,52,不詳,9,121.5242237,25.0676337,中山區,圓山里,3
DVP0210069,3,0,4,3,0,0,0,1,1,1,0,0,0,0,0,0,0,1,0,0,0,0,0,0,1,0,0,0,0,0,0,0,0,1,1,0,1,0,0,0,,0,0,12,10,1,59,不詳,9,121.5654357,25.0648388,松山區,莊敬里,3
DV00649241,3,0,0,0,0,0,0,0,0,0,0,0,0,0,0,0,0,0,0,0,0,0,0,0,0,0,0,1,0,0,0,0,0,1,1,0,0,0,1,1,鋸子,0,0,0,5,3,77,退休,3,121.5780915,25.0764907,內湖區,港墘里,3
DV00671558,3,0,4,2,1,0,0,0,1,0,0,0,0,0,0,0,0,1,1,0,0,0,0,0,0,0,0,0,0,0,0,1,0,1,1,0,0,0,1,0,,0,0,144,8,1,44,家庭管理,5,121.607549,25.074941,內湖區,金湖里,3
DVP0136809,4,0,0,0,0,0,0,0,0,0,0,0,0,0,0,0,0,0,0,0,1,0,0,0,0,0,0,0,0,0,0,0,0,2,1,0,0,0,1,NA,,NA,NA,0,4,1,32,,4,121.49945,25.019069,萬華區,興德里,3
DVP0137274,3,0,0,0,0,0,0,0,0,0,0,0,0,0,0,0,0,0,0,0,0,0,0,0,0,0,0,0,0,1,0,0,0,1,1,0,0,0,1,1,拐杖,0,0,0,4,1,72,,9,121.5780915,25.0764907,內湖區,港墘里,3
DI00404455,3,1,9,4,1,0,0,1,1,1,0,0,0,1,1,0,1,1,1,0,0,0,0,0,1,0,0,0,0,0,0,0,0,1,1,0,0,0,1,1,,1,0,6,2,1,46,家庭管理,3,121.5504029,25.0445536,大安區,建安里,3
DVP0200598,4,0,1,0,0,0,0,0,0,0,0,0,0,0,0,0,1,0,0,0,0,0,0,0,1,0,0,0,0,0,0,0,0,2,1,0,1,0,0,0,,0,0,0,4,1,33,無工作,5,121.541298,24.990665,文山區,景行里,3
DVP0150540,3,0,0,0,0,0,0,0,0,0,0,0,0,0,0,0,0,0,0,0,1,0,0,0,0,0,0,0,0,0,0,0,0,1,NA,0,1,0,1,NA,,NA,NA,0,3,1,35,,5,121.5391739,25.1094352,士林區,芝山里,3
DI00405089,3,0,7,2,0,0,0,1,0,1,0,0,1,1,1,1,0,1,0,0,0,0,0,0,0,0,0,0,0,0,0,1,0,11,4,0,1,0,1,0,,0,0,0,1,2,56,,9,121.590631,25.040003,南港區,成福里,3
DVP0173703,3,0,0,0,0,0,0,0,0,0,0,0,0,0,0,0,0,0,0,0,0,0,0,0,0,0,1,0,0,1,0,0,0,1,1,0,1,0,0,0,,0,0,6,15,1,38,,9,121.569275,25.022217,信義區,泰和里,3
DI00409221,4,0,7,2,0,0,0,1,0,1,0,0,1,1,1,1,0,1,0,0,0,0,0,0,0,0,0,0,0,1,0,1,0,12,4,0,1,0,0,0,,0,0,0,13,1,59,,3,121.590631,25.040003,南港區,成福里,3
DVP0177037,3,0,0,0,0,0,0,0,0,0,0,0,0,0,0,0,0,0,0,0,1,0,0,0,0,0,0,0,0,0,0,0,0,1,1,0,1,0,0,0,,0,0,6,8,1,72,不詳,5,121.5159984,25.0675785,大同區,斯文里,3
DV00620142,3,0,7,2,0,1,1,1,1,0,0,0,1,0,0,0,0,1,1,0,1,0,1,0,1,0,0,0,0,1,0,1,0,1,1,0,1,1,1,NA,,1,0,0,18,2,60,,4,121.5586853,25.0463608,松山區,復盛里,3
DVP0161078,3,0,0,0,0,0,0,0,0,0,0,0,0,0,0,0,0,0,0,0,1,0,0,0,0,0,0,0,0,0,0,0,0,1,1,0,1,0,1,0,,0,0,0,3,1,35,,5,121.5391739,25.1094352,士林區,芝山里,3
DVP0148597,3,0,1,0,0,0,0,0,0,0,0,0,0,0,0,0,1,0,0,0,0,0,0,0,1,0,0,0,0,0,0,1,0,1,1,0,0,0,1,0,,0,0,0,2,1,36,,7,121.5612123,25.0609474,松山區,東榮里,3
DV00655818,3,0,1,0,0,0,0,0,0,0,0,0,0,0,0,0,0,0,1,0,1,0,0,0,0,0,0,0,0,0,0,0,0,1,1,0,0,0,1,0,,1,0,6,21,1,47,家庭管理,7,121.5612123,25.0609474,松山區,東榮里,3
DVP0144494,3,0,1,0,0,0,0,0,0,0,0,0,0,0,0,1,0,0,0,0,1,0,0,0,0,0,0,0,0,0,0,0,0,1,1,0,1,0,0,0,,0,0,8,13,1,33,不詳,5,121.5200577,25.022335,中正區,網溪里,3
DVP0150214,7,0,0,0,0,0,0,0,0,0,0,0,0,0,0,0,0,0,0,0,1,0,0,0,0,0,0,0,0,0,0,0,0,1,1,0,1,0,0,0,,0,0,0,4,2,51,無工作,6,121.511363,25.062403,大同區,南芳里,3
DVP0179751,4,0,1,0,0,1,0,0,0,0,0,0,0,0,0,0,0,0,0,0,1,0,0,0,0,0,0,0,0,0,0,0,0,1,1,0,0,0,1,0,,0,0,0,8,1,32,,4,121.511618,25.08359,士林區,福順里,3
DVP0154443,3,0,1,0,0,0,0,0,0,0,0,0,1,0,0,0,0,0,0,0,0,0,1,0,0,0,0,0,0,0,0,0,0,1,1,0,1,0,0,0,,0,0,0,2,1,35,不詳,5,121.518604,25.090747,士林區,後港里,3
DVP0179750,4,0,1,0,0,1,0,0,0,0,0,0,0,0,0,0,0,0,0,0,1,0,0,0,1,0,0,0,0,0,0,0,0,1,1,0,0,0,1,0,,0,0,0,8,1,33,不詳,5,121.511618,25.08359,士林區,福順里,3
DVP0175071,3,0,1,0,0,0,1,0,0,0,0,0,0,0,0,0,0,0,0,0,1,0,0,0,0,0,0,0,0,0,0,0,0,2,1,0,1,0,0,0,,0,0,48,17,1,42,不詳,5,121.5562892,25.0527709,松山區,東勢里,3
DI00407317,3,0,3,1,0,0,0,1,0,0,0,0,0,0,0,0,0,1,1,0,1,0,0,0,1,0,0,0,0,0,0,0,0,6,4,0,1,0,1,1,刀,NA,NA,0,4,1,25,不詳,7,121.495406,25.023962,萬華區,忠德里,3
DVP0150540,3,0,0,0,0,0,0,0,0,0,0,0,0,0,0,0,0,0,0,0,1,0,0,0,0,0,0,0,0,0,0,0,0,1,NA,0,1,0,1,NA,,NA,NA,0,3,1,35,,5,121.5391739,25.1094352,士林區,芝山里,3
DVP0204740,3,0,3,0,0,0,0,0,0,0,1,0,0,0,0,1,1,0,0,0,1,0,0,0,0,0,0,0,0,0,0,0,0,1,1,0,0,0,1,0,,0,0,0,3,1,49,服務業,9,121.5654357,25.0648388,松山區,莊敬里,3
DV00663841,4,0,1,0,0,0,0,0,0,0,0,0,0,0,1,0,0,0,0,0,0,0,0,0,1,0,0,0,0,0,0,1,0,6,NA,0,1,0,0,0,,0,0,0,8,1,49,不詳,7,121.5242237,25.0676337,中山區,圓山里,3
DV00668161,4,0,0,0,0,0,0,0,0,0,0,0,0,0,0,0,0,0,0,0,0,0,0,0,0,0,0,0,0,0,0,0,1,1,1,0,1,0,0,0,,1,0,0,9,1,54,不詳,9,121.5017047,25.0237173,萬華區,忠貞里,3
DVP0149787,3,0,0,0,0,0,0,0,0,0,0,0,0,0,0,0,0,0,0,0,1,0,0,0,0,0,0,0,0,0,0,0,0,1,1,0,0,0,1,0,,0,0,12,8,1,54,,5,121.590043,25.0484506,南港區,聯成里,3
DV00620142,3,0,7,2,0,1,1,1,1,0,0,0,1,0,0,0,0,1,1,0,1,0,1,0,1,0,0,0,0,1,0,1,0,1,1,0,1,1,1,NA,,1,0,0,18,2,60,,4,121.5586853,25.0463608,松山區,復盛里,3
DVP0179933,3,0,2,1,0,0,0,1,0,0,0,0,0,0,0,0,1,0,0,0,1,0,0,0,1,0,0,0,0,0,0,0,0,12,1,0,1,0,1,1,水果刀,0,0,0,4,1,53,服務業,9,121.5657668,25.0597192,松山區,富錦里,3
DVP0209306,3,1,8,3,0,1,0,1,1,1,1,0,0,1,0,1,0,1,0,0,0,0,1,0,0,0,0,1,0,0,0,0,0,1,1,0,1,0,1,0,,1,0,24,8,1,47,商業,5,121.5276655,25.0396222,中正區,文北里,3
DVP0144290,5,1,11,4,1,0,0,1,1,1,1,0,0,1,1,1,1,1,1,0,1,0,0,0,1,0,0,0,0,0,0,0,0,1,1,0,0,0,1,0,,0,0,36,9,1,37,其他,5,121.5112533,25.0797093,士林區,福順里,3
DV00666134,3,1,9,4,1,0,0,1,1,1,0,0,0,1,1,0,1,1,1,0,1,0,0,0,1,0,0,0,0,0,0,0,0,1,1,0,0,0,1,1,水果、螺絲起子,1,0,6,10,1,46,家庭管理,3,121.5504029,25.0445536,大安區,建安里,3
DVP0153210,3,0,4,0,0,0,0,0,0,0,0,0,1,0,1,1,0,0,1,0,0,0,0,0,0,0,0,0,0,0,0,0,1,1,1,0,1,0,0,0,,0,0,12,5,1,44,公,9,121.498114,25.136317,北投區,長安里,3
DI00405398,4,0,5,2,0,0,1,0,1,1,0,0,0,0,0,0,0,1,1,0,0,0,0,0,0,0,0,0,0,1,0,0,0,1,1,0,0,0,1,1,嬰兒餵食椅,NA,NA,0,13,2,49,,5,121.604307,25.086578,內湖區,大湖里,3
DVP0210850,3,0,0,0,0,0,0,0,0,0,0,0,0,0,0,0,0,0,0,0,1,0,0,0,0,0,0,0,0,0,0,0,0,1,1,0,1,0,0,0,,0,0,0,7,1,45,其他,9,121.5359222,25.118853,士林區,天和里,3
DVP0207444,4,0,6,2,0,0,0,0,1,1,0,1,0,0,0,1,0,1,1,0,1,0,1,0,0,0,0,0,0,1,0,0,0,2,1,0,1,0,1,0,,0,0,8,361,1,50,商業,5,121.604307,25.086578,內湖區,大湖里,3
DV00599541,5,1,12,3,0,1,0,1,1,1,1,1,0,1,1,1,1,1,1,0,1,1,0,0,0,0,0,0,0,0,0,0,0,1,1,0,1,0,1,1,椅子,0,0,60,6,1,37,服務業,5,121.5112533,25.0797093,士林區,福順里,3
DVP0150530,3,0,1,0,0,0,0,0,0,0,0,0,0,0,0,0,0,0,1,0,1,0,0,0,0,0,0,0,0,1,0,0,0,1,1,0,1,0,1,NA,,NA,NA,72,3,1,38,,6,121.5391739,25.1094352,士林區,芝山里,3
DVP0166020,3,0,2,1,1,0,1,0,0,0,0,0,0,0,0,0,0,0,0,0,1,0,0,0,0,0,0,0,0,0,0,0,0,1,1,0,1,0,1,0,,0,0,12,9,1,26,不詳,3,121.5105252,25.0840708,士林區,葫東里,3
DV00584224,3,0,0,0,0,0,0,0,0,0,0,0,0,0,0,0,0,0,0,0,0,0,0,0,0,0,0,0,0,0,0,1,0,1,1,0,1,0,1,0,,0,0,0,3,3,43,家庭管理,9,121.607549,25.074941,內湖區,金湖里,3
DV00590281,3,0,5,2,1,0,0,0,1,0,1,0,0,0,0,0,1,0,1,0,1,0,0,0,0,0,0,1,0,1,0,0,0,1,1,0,1,0,1,NA,,NA,NA,0,46,1,50,不詳,5,121.5310741,25.1128127,士林區,天祿里,3
DI00406008,3,1,14,4,1,0,1,1,1,1,1,1,1,1,1,1,1,1,1,0,1,0,0,0,0,0,0,0,0,1,0,0,0,1,1,0,0,0,1,0,,0,0,60,11,2,41,,6,121.591747,25.085749,內湖區,金龍里,3
DI00405326,4,1,10,3,0,0,0,1,1,1,0,0,1,1,1,1,1,1,1,0,1,0,0,0,0,0,0,1,1,0,0,1,1,11,4,0,1,1,1,0,,0,0,72,1,1,56,服務業,9,121.590631,25.040003,南港區,成福里,3
DV00590281,3,0,5,2,1,0,0,0,1,0,1,0,0,0,0,0,1,0,1,0,1,0,0,0,0,0,0,1,0,1,0,0,0,1,1,0,1,0,1,NA,,NA,NA,0,46,1,50,不詳,5,121.5310741,25.1128127,士林區,天祿里,3
DVP0160549,4,0,0,0,0,0,0,0,0,0,0,0,0,0,0,0,0,0,0,0,1,0,0,0,0,0,0,0,0,0,0,0,0,1,1,0,0,0,1,0,,0,0,0,1,1,32,,5,121.511618,25.08359,士林區,福順里,3
DV00714749,3,0,6,1,0,0,0,0,1,0,1,0,0,0,0,1,1,1,1,0,0,0,0,0,1,0,0,0,0,0,0,0,0,1,1,0,1,0,0,NA,,NA,NA,0,8,1,33,服務業,6,121.541298,24.990665,文山區,景行里,3
DV00695641,3,0,0,0,0,0,0,0,0,0,0,0,0,0,0,0,0,0,0,0,1,0,0,0,1,0,0,0,0,0,0,0,0,1,1,0,1,0,0,0,,NA,NA,0,16,1,68,不詳,6,121.5654357,25.0648388,松山區,莊敬里,3
DVP0206067,3,0,0,0,0,0,0,0,0,0,0,0,0,0,0,0,0,0,0,0,1,0,0,0,0,0,0,0,1,0,0,0,0,1,1,0,1,0,0,0,,0,0,12,4,1,73,無工作,9,121.5159984,25.0675785,大同區,斯文里,3
DV00581582,3,0,0,0,0,0,0,0,0,0,0,0,0,0,0,0,0,0,0,0,0,0,0,0,0,0,0,1,0,0,0,0,0,1,1,0,1,0,1,0,,0,0,0,33,1,50,不詳,5,121.5310741,25.1128127,士林區,天祿里,3
DV00671558,3,0,4,2,1,0,0,0,1,0,0,0,0,0,0,0,0,1,1,0,0,0,0,0,0,0,0,0,0,0,0,1,0,1,1,0,0,0,1,0,,0,0,144,8,1,44,家庭管理,5,121.607549,25.074941,內湖區,金湖里,3
DI00405326,4,1,10,3,0,0,0,1,1,1,0,0,1,1,1,1,1,1,1,0,1,0,0,0,0,0,0,1,1,0,0,1,1,11,4,0,1,1,1,0,,0,0,72,1,1,56,服務業,9,121.590631,25.040003,南港區,成福里,3
DVP0187697,3,0,1,0,0,0,0,0,0,0,0,0,0,0,0,0,1,0,0,0,1,0,0,0,0,0,0,0,0,0,0,0,0,1,1,0,0,0,1,0,,0,0,12,10,1,49,,7,121.5562892,25.0527709,松山區,東勢里,3
DV00607108,3,0,6,2,0,0,0,0,1,1,1,0,0,0,0,0,1,1,1,0,1,0,0,0,0,0,0,1,0,1,0,0,0,1,1,0,1,0,1,NA,,NA,NA,0,38,1,56,不詳,9,121.5310741,25.1128127,士林區,天祿里,3
DVP0157759,3,0,0,0,0,0,0,0,0,0,0,0,0,0,0,0,0,0,0,0,0,0,0,0,0,0,0,1,0,0,0,0,0,1,1,0,0,0,1,1,掃帚,0,0,12,2,3,72,不詳,4,121.5780915,25.0764907,內湖區,港墘里,3
DVP0144073,4,0,0,0,0,0,0,0,0,0,0,0,0,0,0,0,0,0,0,0,0,0,0,0,0,0,0,0,0,0,0,0,1,6,NA,0,1,0,1,0,,0,0,0,8,1,49,,9,121.5242237,25.0676337,中山區,圓山里,3
DV00666134,3,1,9,4,1,0,0,1,1,1,0,0,0,1,1,0,1,1,1,0,1,0,0,0,1,0,0,0,0,0,0,0,0,1,1,0,0,0,1,1,水果、螺絲起子,1,0,6,10,1,46,家庭管理,3,121.5504029,25.0445536,大安區,建安里,3
DVP0161678,3,0,0,0,0,0,0,0,0,0,0,0,0,0,0,0,0,0,0,0,1,0,0,0,0,0,0,0,0,0,0,0,0,1,1,0,1,0,0,0,,0,0,0,2,1,29,服務業,3,121.500986,25.01879,萬華區,興德里,3
DVP0142680,5,0,1,0,0,0,0,0,0,0,0,0,0,0,0,0,0,0,1,0,1,0,0,0,1,0,0,0,1,0,0,0,0,1,1,0,0,0,1,0,,0,0,0,5,1,49,服務業,9,121.5112533,25.0797093,士林區,福順里,3
DVP0175071,3,0,1,0,0,0,1,0,0,0,0,0,0,0,0,0,0,0,0,0,1,0,0,0,0,0,0,0,0,0,0,0,0,2,1,0,1,0,0,0,,0,0,48,17,1,42,不詳,5,121.5562892,25.0527709,松山區,東勢里,3
DI00407035,3,0,6,3,1,0,0,0,1,1,0,0,0,0,0,1,0,1,1,0,1,0,0,0,0,0,0,0,0,0,0,0,0,1,1,0,0,0,1,0,,0,0,60,5,1,34,家庭管理,5,121.5200577,25.022335,中正區,網溪里,3
DV00590281,3,0,5,2,1,0,0,0,1,0,1,0,0,0,0,0,1,0,1,0,1,0,0,0,0,0,0,1,0,1,0,0,0,1,1,0,1,0,1,NA,,NA,NA,0,46,1,50,不詳,5,121.5310741,25.1128127,士林區,天祿里,3
DI00407317,3,0,3,1,0,0,0,1,0,0,0,0,0,0,0,0,0,1,1,0,1,0,0,0,1,0,0,0,0,0,0,0,0,6,4,0,1,0,1,1,刀,NA,NA,0,4,1,25,不詳,7,121.495406,25.023962,萬華區,忠德里,3
DVP0208035,7,0,0,0,0,0,0,0,0,0,0,0,0,0,0,0,0,0,0,0,0,0,0,0,0,0,0,1,0,0,0,0,0,1,1,0,1,0,0,0,,0,0,0,1,2,52,無工作,5,121.511363,25.062403,大同區,南芳里,3
DV00703625,3,0,0,0,0,0,0,0,0,0,0,0,0,0,0,0,0,0,0,0,1,0,0,0,0,0,1,0,0,0,0,0,0,1,1,0,1,0,0,NA,,NA,NA,0,93,1,47,家庭管理,9,121.607549,25.074941,內湖區,金湖里,3
DVP0149787,3,0,0,0,0,0,0,0,0,0,0,0,0,0,0,0,0,0,0,0,1,0,0,0,0,0,0,0,0,0,0,0,0,1,1,0,0,0,1,0,,0,0,12,8,1,54,,5,121.590043,25.0484506,南港區,聯成里,3
DVP0192037,3,0,7,2,1,0,1,0,1,0,0,1,0,1,0,1,0,1,0,0,1,0,1,0,0,0,0,0,0,0,0,0,0,1,1,0,1,0,1,0,,0,0,96,11,1,41,教,7,121.5964517,25.0805532,內湖區,清白里,3
DVP0177934,7,0,2,0,0,0,0,0,0,0,0,0,0,0,0,0,0,1,1,0,1,0,0,0,0,0,1,1,0,0,0,0,0,1,1,0,1,0,1,0,,0,0,12,3,2,51,無工作,5,121.511363,25.062403,大同區,南芳里,3
DVP0210850,3,0,0,0,0,0,0,0,0,0,0,0,0,0,0,0,0,0,0,0,1,0,0,0,0,0,0,0,0,0,0,0,0,1,1,0,1,0,0,0,,0,0,0,7,1,45,其他,9,121.5359222,25.118853,士林區,天和里,3
DI00407035,3,0,6,3,1,0,0,0,1,1,0,0,0,0,0,1,0,1,1,0,1,0,0,0,0,0,0,0,0,0,0,0,0,1,1,0,0,0,1,0,,0,0,60,5,1,34,家庭管理,5,121.5200577,25.022335,中正區,網溪里,3
DVP0206061,3,0,0,0,0,0,0,0,0,0,0,0,0,0,0,0,0,0,0,0,1,0,0,0,0,0,0,0,0,0,0,0,0,1,1,0,1,0,1,1,丟擲塑膠容器(裝水用),0,0,12,4,1,65,家庭管理,4,121.5159984,25.0675785,大同區,斯文里,3
DVP0150540,3,0,0,0,0,0,0,0,0,0,0,0,0,0,0,0,0,0,0,0,1,0,0,0,0,0,0,0,0,0,0,0,0,1,NA,0,1,0,1,NA,,NA,NA,0,3,1,35,,5,121.5391739,25.1094352,士林區,芝山里,3
DV00655818,3,0,1,0,0,0,0,0,0,0,0,0,0,0,0,0,0,0,1,0,1,0,0,0,0,0,0,0,0,0,0,0,0,1,1,0,0,0,1,0,,1,0,6,21,1,47,家庭管理,7,121.5612123,25.0609474,松山區,東榮里,3
DVP0175071,3,0,1,0,0,0,1,0,0,0,0,0,0,0,0,0,0,0,0,0,1,0,0,0,0,0,0,0,0,0,0,0,0,2,1,0,1,0,0,0,,0,0,48,17,1,42,不詳,5,121.5562892,25.0527709,松山區,東勢里,3
DVP0208035,7,0,0,0,0,0,0,0,0,0,0,0,0,0,0,0,0,0,0,0,0,0,0,0,0,0,0,1,0,0,0,0,0,1,1,0,1,0,0,0,,0,0,0,1,2,52,無工作,5,121.511363,25.062403,大同區,南芳里,3
DVP0160469,3,0,2,1,0,0,0,0,0,1,0,0,0,0,0,0,0,1,0,1,0,0,1,0,0,0,0,0,0,0,0,0,0,1,1,0,1,0,0,1,2把水果刀,0,0,0,10,1,46,商業,5,121.5276655,25.0396222,中正區,文北里,3
DV00583901,3,0,0,0,0,0,0,0,0,0,0,0,0,0,0,0,0,0,0,0,1,0,0,0,0,0,0,0,0,0,0,0,0,1,1,0,0,0,1,0,,0,0,0,11,1,42,不詳,6,121.4831873,25.1377086,北投區,桃源里,3
DVP0179262,3,0,2,0,0,0,0,0,0,0,0,0,0,0,1,1,0,0,0,0,1,0,0,0,0,0,0,0,0,0,0,0,0,11,4,0,1,0,0,0,,0,0,0,8,1,45,不詳,7,121.5359222,25.118853,士林區,天和里,3
DV00714749,3,0,6,1,0,0,0,0,1,0,1,0,0,0,0,1,1,1,1,0,0,0,0,0,1,0,0,0,0,0,0,0,0,1,1,0,1,0,0,NA,,NA,NA,0,8,1,33,服務業,6,121.541298,24.990665,文山區,景行里,3
DI00404519,3,0,5,2,0,0,0,1,1,0,0,0,0,0,0,0,1,1,1,0,0,0,0,0,1,0,0,1,0,0,0,0,0,1,1,0,1,0,0,1,刀,0,0,36,8,1,43,,6,121.528236,25.121461,士林區,天玉里,3
DVP0173061,3,0,0,0,0,0,0,0,0,0,0,0,0,0,0,0,0,0,0,0,0,0,0,0,1,0,0,0,0,0,0,0,0,1,1,0,1,0,0,NA,,NA,NA,0,6,1,58,不詳,4,121.576419,25.0836,內湖區,港華里,3
DI00409221,4,0,7,2,0,0,0,1,0,1,0,0,1,1,1,1,0,1,0,0,0,0,0,0,0,0,0,0,0,1,0,1,0,12,4,0,1,0,0,0,,0,0,0,13,1,59,,3,121.590631,25.040003,南港區,成福里,3
DVP0179933,3,0,2,1,0,0,0,1,0,0,0,0,0,0,0,0,1,0,0,0,1,0,0,0,1,0,0,0,0,0,0,0,0,12,1,0,1,0,1,1,水果刀,0,0,0,4,1,53,服務業,9,121.5657668,25.0597192,松山區,富錦里,3
DI00404519,3,0,5,2,0,0,0,1,1,0,0,0,0,0,0,0,1,1,1,0,0,0,0,0,1,0,0,1,0,0,0,0,0,1,1,0,1,0,0,1,刀,0,0,36,8,1,43,,6,121.528236,25.121461,士林區,天玉里,3
DVP0161075,3,0,0,0,0,0,0,0,0,0,0,0,0,0,0,0,0,0,0,0,1,0,0,0,0,0,0,0,0,1,0,0,0,1,1,0,1,0,1,0,,0,0,72,3,1,38,,5,121.5391739,25.1094352,士林區,芝山里,3
DVP0208231,3,0,0,0,0,0,0,0,0,0,0,0,0,0,0,0,0,0,0,0,1,0,0,0,0,0,0,0,0,0,0,0,0,1,1,0,0,0,1,0,,0,0,1,8,1,44,不詳,6,121.528236,25.121461,士林區,天玉里,3
DI00405326,4,1,10,3,0,0,0,1,1,1,0,0,1,1,1,1,1,1,1,0,1,0,0,0,0,0,0,1,1,0,0,1,1,11,4,0,1,1,1,0,,0,0,72,1,1,56,服務業,9,121.590631,25.040003,南港區,成福里,3
DVP0187659,3,0,3,1,0,0,0,0,0,1,0,0,1,0,0,0,0,0,1,0,1,0,0,0,0,0,0,1,0,0,0,0,0,1,1,0,0,0,1,1,充電器,0,0,24,9,1,59,服務業,6,121.5963989,25.0851655,內湖區,金龍里,3
DVP0173311,3,0,2,0,0,0,0,0,0,0,0,0,0,0,1,1,0,0,0,0,1,0,0,0,0,0,0,0,0,0,0,0,0,1,1,0,0,0,1,1,丟擲不明物品,0,0,0,2,1,44,不詳,9,121.498114,25.136317,北投區,長安里,3
DV00599061,3,1,8,2,1,0,1,0,1,0,0,0,1,0,1,1,0,1,1,0,1,0,0,0,1,0,0,1,0,1,0,1,1,1,1,0,0,0,1,0,,1,0,12,2,1,36,家庭管理,7,121.5612123,25.0609474,松山區,東榮里,3
DI00409756,3,0,0,0,0,0,0,0,0,0,0,0,0,0,0,0,0,0,0,0,1,0,0,0,1,0,0,0,0,0,0,0,0,1,1,0,1,0,0,1,不鏽鋼水瓶,0,0,0,2,1,34,商業,7,121.5612123,25.0609474,松山區,東榮里,3
DVP0173694,4,0,0,0,0,0,0,0,0,0,0,0,0,0,0,0,0,0,0,0,1,0,0,0,1,0,0,0,1,0,0,0,1,6,2,0,0,0,1,0,,0,0,12,8,1,50,無工作,9,121.5242237,25.0676337,中山區,圓山里,3
DV00723632,3,0,0,0,0,0,0,0,0,0,0,0,0,0,0,0,0,0,0,0,1,0,0,0,0,0,0,0,0,0,0,1,0,1,1,0,1,0,0,0,,0,0,0,8,1,45,無工作,7,121.5359222,25.118853,士林區,天和里,3
DVP0191122,3,1,7,4,1,0,0,1,1,1,0,0,0,0,1,1,1,0,0,0,0,1,0,0,0,0,0,1,0,0,0,0,0,1,1,0,1,0,0,0,,0,0,42,7,1,43,商業,5,121.5331202,25.0459971,中山區,朱園里,3
DV00705729,3,0,3,1,1,0,0,0,0,0,0,0,0,0,0,1,0,0,1,0,1,0,0,0,0,0,0,0,0,0,0,0,0,2,1,0,1,0,1,NA,,NA,NA,240,67,1,38,無工作,4,121.569275,25.022217,信義區,泰和里,3
DVP0137358,3,0,0,0,0,0,0,0,0,0,0,0,0,0,0,0,0,0,0,0,0,0,0,0,1,0,0,0,0,0,0,0,0,1,1,0,0,0,1,0,,0,0,0,10,1,46,,6,121.5599568,25.0370637,信義區,正和里,3
DVP0148662,3,0,2,0,0,0,0,0,0,0,1,0,0,0,0,0,0,0,1,0,1,0,0,0,1,0,0,1,0,0,0,0,0,1,1,0,1,0,1,0,,0,0,12,249,3,34,服務業,5,121.5612123,25.0609474,松山區,東榮里,3
DV00705729,3,0,3,1,1,0,0,0,0,0,0,0,0,0,0,1,0,0,1,0,1,0,0,0,0,0,0,0,0,0,0,0,0,2,1,0,1,0,1,NA,,NA,NA,240,67,1,38,無工作,4,121.569275,25.022217,信義區,泰和里,3
DV00696860,3,0,0,0,0,0,0,0,0,0,0,0,0,0,0,0,0,0,0,0,0,0,0,0,0,0,0,1,1,0,0,0,0,1,1,0,1,0,1,1,,0,0,0,5,1,59,無工作,6,121.5963989,25.0851655,內湖區,金龍里,3
DVP0172504,7,0,1,0,0,0,0,0,0,0,0,0,0,0,0,0,0,1,0,0,0,0,0,0,0,0,1,0,0,0,0,0,0,1,1,0,1,0,0,1,水果刀,0,0,60,2,2,51,其他,5,121.511363,25.062403,大同區,南芳里,3
DV00599541,5,1,12,3,0,1,0,1,1,1,1,1,0,1,1,1,1,1,1,0,1,1,0,0,0,0,0,0,0,0,0,0,0,1,1,0,1,0,1,1,椅子,0,0,60,6,1,37,服務業,5,121.5112533,25.0797093,士林區,福順里,3
DVP0202240,3,0,0,0,0,0,0,0,0,0,0,0,0,0,0,0,0,0,0,0,1,0,0,0,0,0,0,0,0,0,0,0,0,1,1,0,0,0,1,0,,0,0,0,7,1,52,不詳,3,121.5562892,25.0527709,松山區,東勢里,3
DVP0161678,3,0,0,0,0,0,0,0,0,0,0,0,0,0,0,0,0,0,0,0,1,0,0,0,0,0,0,0,0,0,0,0,0,1,1,0,1,0,0,0,,0,0,0,2,1,29,服務業,3,121.500986,25.01879,萬華區,興德里,3
DVP0168634,4,0,0,0,0,0,0,0,0,0,0,0,0,0,0,0,0,0,0,0,1,0,0,0,0,0,0,0,0,0,0,0,0,1,1,0,0,0,1,0,,0,0,0,10,1,49,商業,5,121.604307,25.086578,內湖區,大湖里,3
DVP0146202,3,1,9,4,1,0,0,1,1,1,1,1,0,0,1,0,1,0,1,0,0,0,0,0,0,0,0,1,0,0,0,0,0,1,1,0,0,0,1,0,,0,0,60,3,2,40,,9,121.591747,25.085749,內湖區,金龍里,3
DVP0146744,3,0,3,1,0,0,0,0,1,0,1,0,0,0,0,0,1,0,0,0,0,0,0,0,0,0,0,0,0,1,0,0,0,1,1,0,1,0,0,0,,0,0,30,10,1,42,商業,5,121.5331202,25.0459971,中山區,朱園里,3
DV00607108,3,0,6,2,0,0,0,0,1,1,1,0,0,0,0,0,1,1,1,0,1,0,0,0,0,0,0,1,0,1,0,0,0,1,1,0,1,0,1,NA,,NA,NA,0,38,1,56,不詳,9,121.5310741,25.1128127,士林區,天祿里,3
DVP0173703,3,0,0,0,0,0,0,0,0,0,0,0,0,0,0,0,0,0,0,0,0,0,0,0,0,0,1,0,0,1,0,0,0,1,1,0,1,0,0,0,,0,0,6,15,1,38,,9,121.569275,25.022217,信義區,泰和里,3
DV00720341,3,0,4,1,0,0,1,1,0,0,1,0,1,0,0,0,0,0,0,0,0,0,0,0,0,0,0,0,0,0,0,0,1,1,1,0,1,0,0,NA,,NA,NA,0,13,1,44,不詳,9,121.528236,25.121461,士林區,天玉里,3
DVP0191092,3,0,1,0,0,0,0,0,0,0,0,0,0,0,0,0,1,0,0,0,1,0,0,0,0,0,0,1,0,0,0,0,0,1,1,0,1,0,1,0,,0,0,12,10,1,35,不詳,5,121.5105252,25.0840708,士林區,葫東里,3
DV00720704,3,0,2,1,1,0,0,0,0,0,0,0,0,0,1,0,0,0,0,0,1,0,0,0,0,0,0,0,0,0,0,0,0,1,1,0,1,0,0,NA,,NA,NA,0,14,1,30,不詳,9,121.500986,25.01879,萬華區,興德里,3
DVP0193844,3,0,3,0,0,0,1,0,0,0,0,0,0,0,0,0,1,0,1,0,0,0,0,0,1,0,0,0,0,0,0,0,1,1,1,0,0,0,1,0,,0,0,360,31,2,55,,4,121.590043,25.0484506,南港區,聯成里,3
DVP0137358,3,0,0,0,0,0,0,0,0,0,0,0,0,0,0,0,0,0,0,0,0,0,0,0,1,0,0,0,0,0,0,0,0,1,1,0,0,0,1,0,,0,0,0,10,1,46,,6,121.5599568,25.0370637,信義區,正和里,3
DV00614228,3,0,0,0,0,0,0,0,0,0,0,0,0,0,0,0,0,0,0,0,1,0,0,0,1,0,0,0,0,1,0,0,0,1,1,0,1,0,0,NA,,NA,NA,0,9,2,42,不詳,9,121.5331202,25.0459971,中山區,朱園里,3
DVP0207111,3,0,2,0,0,0,0,0,0,0,0,0,0,0,0,0,1,1,0,0,1,0,0,0,0,0,0,0,0,1,0,1,0,1,1,0,1,0,0,NA,,NA,NA,18,12,1,35,商業,7,121.5391739,25.1094352,士林區,芝山里,3
DVP0154443,3,0,1,0,0,0,0,0,0,0,0,0,1,0,0,0,0,0,0,0,0,0,1,0,0,0,0,0,0,0,0,0,0,1,1,0,1,0,0,0,,0,0,0,2,1,35,不詳,5,121.518604,25.090747,士林區,後港里,3
DV00607648,3,0,0,0,0,0,0,0,0,0,0,0,0,0,0,0,0,0,0,0,1,0,0,0,0,0,0,0,0,1,0,0,0,1,NA,0,1,0,1,0,,0,0,0,22,1,63,,9,121.5310741,25.1128127,士林區,天祿里,3
DVP0177931,7,0,2,0,0,0,0,0,0,0,0,0,0,0,0,0,0,1,1,0,1,0,0,0,0,0,0,1,0,0,0,0,0,1,1,0,1,0,1,0,,0,0,12,3,2,58,無工作,4,121.511363,25.062403,大同區,南芳里,3
DV00721852,3,0,0,0,0,0,0,0,0,0,0,0,0,0,0,0,0,0,0,0,1,0,1,0,0,0,0,0,0,0,0,1,0,1,1,0,1,0,0,0,,0,0,0,32,1,51,商業,3,121.5276655,25.0396222,中正區,文北里,3
DV00681897,3,0,3,0,0,0,1,0,0,0,1,0,0,0,0,0,1,0,0,0,1,0,0,0,1,0,0,0,0,0,0,0,0,2,1,0,1,0,1,0,,0,0,84,39,1,33,其他,5,121.5599568,25.0370637,信義區,正和里,3
DVP0191086,3,0,1,0,0,0,1,0,0,0,0,0,0,0,0,0,0,0,0,0,1,0,0,0,1,0,0,0,0,0,0,0,0,1,1,0,1,0,1,0,,0,0,12,10,1,26,不詳,5,121.5105252,25.0840708,士林區,葫東里,3
DVP0175071,3,0,1,0,0,0,1,0,0,0,0,0,0,0,0,0,0,0,0,0,1,0,0,0,0,0,0,0,0,0,0,0,0,2,1,0,1,0,0,0,,0,0,48,17,1,42,不詳,5,121.5562892,25.0527709,松山區,東勢里,3
DVP0187659,3,0,3,1,0,0,0,0,0,1,0,0,1,0,0,0,0,0,1,0,1,0,0,0,0,0,0,1,0,0,0,0,0,1,1,0,0,0,1,1,充電器,0,0,24,9,1,59,服務業,6,121.5963989,25.0851655,內湖區,金龍里,3
DV00590281,3,0,5,2,1,0,0,0,1,0,1,0,0,0,0,0,1,0,1,0,1,0,0,0,0,0,0,1,0,1,0,0,0,1,1,0,1,0,1,NA,,NA,NA,0,46,1,50,不詳,5,121.5310741,25.1128127,士林區,天祿里,3
DVP0189095,3,0,3,0,0,0,0,0,0,0,1,0,0,0,0,1,1,0,0,0,1,0,0,0,0,0,0,0,0,0,0,0,0,1,1,0,1,0,0,0,,0,0,24,-4,1,43,不詳,5,121.5331202,25.0459971,中山區,朱園里,3
DV00675420,4,0,6,2,1,0,0,0,1,0,1,1,0,0,1,0,0,0,1,0,1,0,0,0,0,0,0,0,0,0,0,0,0,1,1,0,0,0,1,0,,0,0,36,12,1,55,無工作,9,121.5830054,25.0504789,南港區,玉成里,3
DI00405089,3,0,7,2,0,0,0,1,0,1,0,0,1,1,1,1,0,1,0,0,0,0,0,0,0,0,0,0,0,0,0,1,0,11,4,0,1,0,1,0,,0,0,0,1,2,56,,9,121.590631,25.040003,南港區,成福里,3
DVP0148662,3,0,2,0,0,0,0,0,0,0,1,0,0,0,0,0,0,0,1,0,1,0,0,0,1,0,0,1,0,0,0,0,0,1,1,0,1,0,1,0,,0,0,12,249,3,34,服務業,5,121.5612123,25.0609474,松山區,東榮里,3
DVP0210087,3,0,3,0,0,0,0,0,0,0,1,0,0,0,1,0,1,0,0,0,1,0,0,0,0,0,0,0,0,0,0,0,0,1,1,0,1,0,0,0,,0,0,12,10,1,48,不詳,5,121.5654357,25.0648388,松山區,莊敬里,3
DVP0137274,3,0,0,0,0,0,0,0,0,0,0,0,0,0,0,0,0,0,0,0,0,0,0,0,0,0,0,0,0,1,0,0,0,1,1,0,0,0,1,1,拐杖,0,0,0,4,1,72,,9,121.5780915,25.0764907,內湖區,港墘里,3
DV00704174,3,0,6,1,0,0,1,0,0,1,0,1,1,0,0,0,1,0,1,0,0,0,0,0,0,0,0,1,0,0,0,0,0,1,1,0,0,0,1,0,,0,NA,6,14,3,25,不詳,9,121.590043,25.0484506,南港區,聯成里,3
DVP0142671,5,0,2,0,0,0,0,0,0,0,0,0,0,0,0,0,1,0,1,0,1,0,0,0,0,0,0,0,0,0,0,0,0,1,1,0,0,0,1,0,,0,0,0,5,1,37,不詳,6,121.5112533,25.0797093,士林區,福順里,3
DVP0209306,3,1,8,3,0,1,0,1,1,1,1,0,0,1,0,1,0,1,0,0,0,0,1,0,0,0,0,1,0,0,0,0,0,1,1,0,1,0,1,0,,1,0,24,8,1,47,商業,5,121.5276655,25.0396222,中正區,文北里,3
DV00663842,4,0,1,1,0,0,0,0,0,1,0,0,0,0,0,0,0,0,0,0,0,0,0,0,0,0,0,1,0,0,0,0,1,6,1,0,1,0,0,0,,0,0,0,8,3,52,不詳,9,121.5242237,25.0676337,中山區,圓山里,3
DI00405398,4,0,5,2,0,0,1,0,1,1,0,0,0,0,0,0,0,1,1,0,0,0,0,0,0,0,0,0,0,1,0,0,0,1,1,0,0,0,1,1,嬰兒餵食椅,NA,NA,0,13,2,49,,5,121.604307,25.086578,內湖區,大湖里,3
DVP0191092,3,0,1,0,0,0,0,0,0,0,0,0,0,0,0,0,1,0,0,0,1,0,0,0,0,0,0,1,0,0,0,0,0,1,1,0,1,0,1,0,,0,0,12,10,1,35,不詳,5,121.5105252,25.0840708,士林區,葫東里,3
DV00696860,3,0,0,0,0,0,0,0,0,0,0,0,0,0,0,0,0,0,0,0,0,0,0,0,0,0,0,1,1,0,0,0,0,1,1,0,1,0,1,1,,0,0,0,5,1,59,無工作,6,121.5963989,25.0851655,內湖區,金龍里,3
DV00579734,3,0,4,0,0,0,1,0,0,0,1,0,0,0,0,1,1,0,0,0,1,0,0,0,1,0,0,0,0,0,0,0,0,1,1,0,0,0,1,0,,0,0,48,42,1,33,家庭管理,5,121.5599568,25.0370637,信義區,正和里,3
DVP0192026,3,0,6,2,0,0,0,1,1,0,1,0,0,0,0,1,0,1,1,0,1,0,1,0,0,0,0,0,0,0,0,1,0,1,1,0,1,0,0,0,,0,0,30,26,1,48,專門職業,7,121.5964517,25.0805532,內湖區,清白里,3
DVP0184812,7,0,1,0,0,0,0,0,0,0,0,0,0,0,1,0,0,0,0,0,1,0,0,0,0,0,0,1,0,0,0,0,0,1,1,0,0,0,1,0,,0,0,1,3,2,58,無工作,6,121.511363,25.062403,大同區,南芳里,3