"","action_ids"
"1","DI00401652"
"2","DI00402368"
"3","DI00404167"
"4","DI00405353"
"5","DI00405577"
"6","DI00406682"
"7","DI00407518"
"8","DI00407813"
"9","DI00407920"
"10","DI00408214"
"11","DI00408460"
"12","DI00408870"
"13","DI00408889"
"14","DI00409567"
"15","DV00579181"
"16","DV00591804"
"17","DV00622823"
"18","DV00622941"
"19","DV00628421"
"20","DV00632802"
"21","DV00633203"
"22","DV00634005"
"23","DV00645862"
"24","DV00651771"
"25","DV00657246"
"26","DV00667395"
"27","DV00668612"
"28","DV00668652"
"29","DV00675809"
"30","DV00676381"
"31","DV00677711"
"32","DV00678070"
"33","DV00679250"
"34","DV00679967"
"35","DV00680975"
"36","DV00681249"
"37","DV00682199"
"38","DV00683486"
"39","DV00683540"
"40","DV00685764"
"41","DV00686106"
"42","DV00688200"
"43","DV00689777"
"44","DV00690513"
"45","DV00691162"
"46","DV00692956"
"47","DV00693586"
"48","DV00694320"
"49","DV00694941"
"50","DV00695398"
"51","DV00695409"
"52","DV00696426"
"53","DV00697624"
"54","DV00698399"
"55","DV00701164"
"56","DV00701779"
"57","DV00703491"
"58","DV00707664"
"59","DV00709618"
"60","DV00715301"
"61","DV00715571"
"62","DV00717441"
"63","DV00718007"
"64","DV00718574"
"65","DV00719382"
"66","DV00719936"
"67","DV00720110"
"68","DV00721691"
"69","DV00726018"
"70","DV00726822"
"71","DVP0136896"
"72","DVP0136943"
"73","DVP0138750"
"74","DVP0138760"
"75","DVP0140191"
"76","DVP0141525"
"77","DVP0142421"
"78","DVP0142922"
"79","DVP0144705"
"80","DVP0145155"
"81","DVP0145296"
"82","DVP0145826"
"83","DVP0146286"
"84","DVP0146636"
"85","DVP0147258"
"86","DVP0147269"
"87","DVP0147619"
"88","DVP0148982"
"89","DVP0149250"
"90","DVP0150146"
"91","DVP0151449"
"92","DVP0151462"
"93","DVP0151591"
"94","DVP0151675"
"95","DVP0152373"
"96","DVP0152450"
"97","DVP0152800"
"98","DVP0153031"
"99","DVP0153190"
"100","DVP0153938"
"101","DVP0154511"
"102","DVP0155126"
"103","DVP0155760"
"104","DVP0155761"
"105","DVP0155766"
"106","DVP0157320"
"107","DVP0157814"
"108","DVP0158090"
"109","DVP0158545"
"110","DVP0158755"
"111","DVP0159430"
"112","DVP0161857"
"113","DVP0162387"
"114","DVP0163426"
"115","DVP0164248"
"116","DVP0165468"
"117","DVP0165596"
"118","DVP0165970"
"119","DVP0166793"
"120","DVP0167403"
"121","DVP0168448"
"122","DVP0169709"
"123","DVP0170820"
"124","DVP0171287"
"125","DVP0171548"
"126","DVP0171705"
"127","DVP0171871"
"128","DVP0171917"
"129","DVP0172999"
"130","DVP0173733"
"131","DVP0174870"
"132","DVP0175252"
"133","DVP0175922"
"134","DVP0175928"
"135","DVP0176546"
"136","DVP0177444"
"137","DVP0178989"
"138","DVP0178990"
"139","DVP0179065"
"140","DVP0179414"
"141","DVP0179492"
"142","DVP0180385"
"143","DVP0181579"
"144","DVP0181984"
"145","DVP0183567"
"146","DVP0183599"
"147","DVP0183932"
"148","DVP0183934"
"149","DVP0184016"
"150","DVP0184565"
"151","DVP0184587"
"152","DVP0185041"
"153","DVP0185942"
"154","DVP0186636"
"155","DVP0187490"
"156","DVP0187732"
"157","DVP0187827"
"158","DVP0188366"
"159","DVP0188975"
"160","DVP0189375"
"161","DVP0190036"
"162","DVP0190040"
"163","DVP0190354"
"164","DVP0190851"
"165","DVP0191675"
"166","DVP0191908"
"167","DVP0192353"
"168","DVP0193440"
"169","DVP0194037"
"170","DVP0194552"
"171","DVP0194888"
"172","DVP0195033"
"173","DVP0195595"
"174","DVP0195606"
"175","DVP0196009"
"176","DVP0197076"
"177","DVP0197599"
"178","DVP0198184"
"179","DVP0198627"
"180","DVP0198967"
"181","DVP0200691"
"182","DVP0201951"
"183","DVP0202734"
"184","DVP0202848"
"185","DVP0203121"
"186","DVP0203477"
"187","DVP0204752"
"188","DVP0205608"
"189","DVP0205749"
"190","DVP0205756"
"191","DVP0205954"
"192","DVP0206633"
"193","DVP0206653"
"194","DVP0206676"
"195","DVP0207407"
"196","DVP0207907"
"197","DVP0208283"
"198","DVP0208694"
"199","DVP0209058"
"200","DVP0209063"
"201","DVP0209287"
"202","DVP0209903"
"203","DVP0210364"
"204","DVP0210656"
"205","DVP0211106"
"206","DVP0212325"
"207","DVP0212736"
"208","DVP0212906"
"209","DVP0213404"
"210","DVP0213421"
"211","DVP0213660"
"212","DVP0213927"
"213","DVP0214112"
"214","DI00400238"
"215","DI00401023"
"216","DI00401536"
"217","DI00401734"
"218","DI00402529"
"219","DI00403939"
"220","DI00404255"
"221","DI00404438"
"222","DI00404868"
"223","DI00405089"
"224","DI00405376"
"225","DI00405555"
"226","DI00405828"
"227","DI00405908"
"228","DI00406052"
"229","DI00406669"
"230","DI00406909"
"231","DI00407369"
"232","DI00407465"
"233","DI00407546"
"234","DI00408213"
"235","DI00408397"
"236","DI00408492"
"237","DI00408885"
"238","DI00409251"
"239","DI00409260"
"240","DI00409455"
"241","DI00409739"
"242","DI00410191"
"243","DV00579204"
"244","DV00581154"
"245","DV00581222"
"246","DV00584466"
"247","DV00586324"
"248","DV00590075"
"249","DV00590883"
"250","DV00604581"
"251","DV00615481"
"252","DV00618467"
"253","DV00619902"
"254","DV00623345"
"255","DV00624829"
"256","DV00632189"
"257","DV00633857"
"258","DV00634769"
"259","DV00639353"
"260","DV00645381"
"261","DV00646571"
"262","DV00652082"
"263","DV00652226"
"264","DV00655361"
"265","DV00658043"
"266","DV00665784"
"267","DV00666508"
"268","DV00666964"
"269","DV00667280"
"270","DV00668483"
"271","DV00669311"
"272","DV00671518"
"273","DV00672327"
"274","DV00672613"
"275","DV00672670"
"276","DV00672732"
"277","DV00673217"
"278","DV00674380"
"279","DV00675126"
"280","DV00675328"
"281","DV00677460"
"282","DV00677587"
"283","DV00678054"
"284","DV00678141"
"285","DV00678488"
"286","DV00679833"
"287","DV00680154"
"288","DV00681492"
"289","DV00681886"
"290","DV00683027"
"291","DV00683458"
"292","DV00683722"
"293","DV00684248"
"294","DV00684768"
"295","DV00686308"
"296","DV00686699"
"297","DV00689727"
"298","DV00690261"
"299","DV00690472"
"300","DV00691773"
"301","DV00691796"
"302","DV00693381"
"303","DV00693764"
"304","DV00693896"
"305","DV00695548"
"306","DV00696633"
"307","DV00696885"
"308","DV00696954"
"309","DV00698056"
"310","DV00700556"
"311","DV00701276"
"312","DV00701349"
"313","DV00701649"
"314","DV00702547"
"315","DV00702739"
"316","DV00702983"
"317","DV00703123"
"318","DV00704141"
"319","DV00704654"
"320","DV00705654"
"321","DV00707525"
"322","DV00707658"
"323","DV00709228"
"324","DV00709407"
"325","DV00710130"
"326","DV00711151"
"327","DV00712294"
"328","DV00713699"
"329","DV00714062"
"330","DV00714423"
"331","DV00716804"
"332","DV00720228"
"333","DV00721158"
"334","DV00724731"
"335","DV00725316"
"336","DV00726110"
"337","DV00726805"
"338","DVP0136667"
"339","DVP0137462"
"340","DVP0137509"
"341","DVP0138151"
"342","DVP0138169"
"343","DVP0138392"
"344","DVP0138535"
"345","DVP0138654"
"346","DVP0138741"
"347","DVP0139004"
"348","DVP0139226"
"349","DVP0139394"
"350","DVP0139769"
"351","DVP0139854"
"352","DVP0140028"
"353","DVP0141041"
"354","DVP0141239"
"355","DVP0141290"
"356","DVP0141610"
"357","DVP0142678"
"358","DVP0143205"
"359","DVP0143685"
"360","DVP0143996"
"361","DVP0144077"
"362","DVP0144598"
"363","DVP0144805"
"364","DVP0144849"
"365","DVP0145610"
"366","DVP0146305"
"367","DVP0146382"
"368","DVP0146784"
"369","DVP0146976"
"370","DVP0147366"
"371","DVP0147792"
"372","DVP0148121"
"373","DVP0148379"
"374","DVP0148607"
"375","DVP0148950"
"376","DVP0149248"
"377","DVP0150165"
"378","DVP0150484"
"379","DVP0150562"
"380","DVP0150634"
"381","DVP0150813"
"382","DVP0151314"
"383","DVP0151385"
"384","DVP0151692"
"385","DVP0151733"
"386","DVP0151844"
"387","DVP0152688"
"388","DVP0152714"
"389","DVP0152741"
"390","DVP0153187"
"391","DVP0153219"
"392","DVP0153340"
"393","DVP0153433"
"394","DVP0153731"
"395","DVP0154114"
"396","DVP0154217"
"397","DVP0154358"
"398","DVP0154570"
"399","DVP0154846"
"400","DVP0155000"
"401","DVP0155152"
"402","DVP0155335"
"403","DVP0155921"
"404","DVP0156038"
"405","DVP0156162"
"406","DVP0156230"
"407","DVP0156243"
"408","DVP0156368"
"409","DVP0157062"
"410","DVP0157383"
"411","DVP0157554"
"412","DVP0157943"
"413","DVP0158294"
"414","DVP0158550"
"415","DVP0158650"
"416","DVP0158874"
"417","DVP0159247"
"418","DVP0159550"
"419","DVP0159696"
"420","DVP0160253"
"421","DVP0160284"
"422","DVP0160643"
"423","DVP0160973"
"424","DVP0161206"
"425","DVP0162279"
"426","DVP0162302"
"427","DVP0162512"
"428","DVP0162973"
"429","DVP0163182"
"430","DVP0163350"
"431","DVP0163818"
"432","DVP0164871"
"433","DVP0165265"
"434","DVP0165437"
"435","DVP0165972"
"436","DVP0166011"
"437","DVP0166439"
"438","DVP0166630"
"439","DVP0166899"
"440","DVP0167658"
"441","DVP0168589"
"442","DVP0169143"
"443","DVP0169576"
"444","DVP0169580"
"445","DVP0169881"
"446","DVP0170080"
"447","DVP0170115"
"448","DVP0170361"
"449","DVP0170469"
"450","DVP0170719"
"451","DVP0170741"
"452","DVP0171308"
"453","DVP0171785"
"454","DVP0171955"
"455","DVP0172956"
"456","DVP0172991"
"457","DVP0173001"
"458","DVP0173907"
"459","DVP0174562"
"460","DVP0174752"
"461","DVP0174961"
"462","DVP0175165"
"463","DVP0175298"
"464","DVP0175905"
"465","DVP0175918"
"466","DVP0176420"
"467","DVP0176642"
"468","DVP0176833"
"469","DVP0176885"
"470","DVP0176937"
"471","DVP0177218"
"472","DVP0177300"
"473","DVP0178183"
"474","DVP0178186"
"475","DVP0178196"
"476","DVP0179263"
"477","DVP0179635"
"478","DVP0180198"
"479","DVP0180625"
"480","DVP0180864"
"481","DVP0181105"
"482","DVP0182423"
"483","DVP0182427"
"484","DVP0183062"
"485","DVP0183670"
"486","DVP0183960"
"487","DVP0184269"
"488","DVP0184544"
"489","DVP0184640"
"490","DVP0185710"
"491","DVP0185737"
"492","DVP0185765"
"493","DVP0185781"
"494","DVP0186075"
"495","DVP0186424"
"496","DVP0186839"
"497","DVP0187042"
"498","DVP0187410"
"499","DVP0187431"
"500","DVP0187478"
"501","DVP0187934"
"502","DVP0189413"
"503","DVP0189553"
"504","DVP0189742"
"505","DVP0190376"
"506","DVP0192489"
"507","DVP0192521"
"508","DVP0192718"
"509","DVP0192782"
"510","DVP0192789"
"511","DVP0192809"
"512","DVP0192950"
"513","DVP0193244"
"514","DVP0193248"
"515","DVP0193572"
"516","DVP0193753"
"517","DVP0193822"
"518","DVP0193838"
"519","DVP0193868"
"520","DVP0193928"
"521","DVP0194333"
"522","DVP0194994"
"523","DVP0195085"
"524","DVP0195313"
"525","DVP0195529"
"526","DVP0195600"
"527","DVP0195674"
"528","DVP0196320"
"529","DVP0196463"
"530","DVP0196896"
"531","DVP0196961"
"532","DVP0197167"
"533","DVP0197338"
"534","DVP0197594"
"535","DVP0197829"
"536","DVP0198183"
"537","DVP0198358"
"538","DVP0198697"
"539","DVP0198752"
"540","DVP0198899"
"541","DVP0198971"
"542","DVP0200904"
"543","DVP0201238"
"544","DVP0201560"
"545","DVP0201643"
"546","DVP0201712"
"547","DVP0201873"
"548","DVP0202192"
"549","DVP0202241"
"550","DVP0202412"
"551","DVP0202910"
"552","DVP0203015"
"553","DVP0203267"
"554","DVP0203925"
"555","DVP0204168"
"556","DVP0204892"
"557","DVP0205603"
"558","DVP0206554"
"559","DVP0207113"
"560","DVP0207411"
"561","DVP0207625"
"562","DVP0207626"
"563","DVP0207764"
"564","DVP0207826"
"565","DVP0207905"
"566","DVP0208005"
"567","DVP0208215"
"568","DVP0208635"
"569","DVP0208829"
"570","DVP0209226"
"571","DVP0209433"
"572","DVP0209437"
"573","DVP0209552"
"574","DVP0209667"
"575","DVP0211343"
"576","DVP0211344"
"577","DVP0211509"
"578","DVP0211702"
"579","DVP0211876"
"580","DVP0212033"
"581","DVP0212082"
"582","DVP0212117"
"583","DVP0212620"
"584","DVP0212827"
"585","DVP0213459"
"586","DVP0213513"
"587","DVP0213551"
"588","DVP0213556"
"589","DVP0213722"
"590","DVP0214238"
"591","DVP0214334"
