"","ACTIONID","Count","predict","group","district","town"
"187","DI00401652",2,1.58798398268398,1,"內湖區","行善里"
"203","DI00404167",2,1.73432496796327,1,"內湖區","東湖里"
"227","DI00406682",2,1.56829946497946,1,"文山區","興旺里"
"242","DI00407687",2,1.51850952380952,1,"北投區","大同里"
"243","DI00407776",2,1.53255024350472,1,"大同區","永樂里"
"245","DI00407813",2,1.56130268620269,1,"內湖區","秀湖里"
"251","DI00408214",2,1.59372295796415,1,"北投區","中央里"
"257","DI00408460",2,1.59468484848485,1,"內湖區","湖濱里"
"262","DI00408870",2,1.55375553335553,1,"萬華區","日祥里"
"263","DI00408889",2,1.67115334665335,1,"士林區","天福里"
"274","DI00409567",2,1.66096666666667,1,"南港區","新富里"
"287","DV00579181",2,1.61591369047619,1,"大安區","正聲里"
"303","DV00591804",2,1.56155943778444,1,"大安區","通化里"
"306","DV00592544",2,1.50389677544456,1,"內湖區","瑞光里"
"335","DV00622823",2,1.70263753999624,1,"萬華區","新起里"
"336","DV00622941",2,1.63285021645022,1,"內湖區","港富里"
"340","DV00628421",2,1.5297746031746,1,"北投區","中央里"
"345","DV00634005",2,1.51959343434343,1,"中正區","廈安里"
"361","DV00651768",2,1.51704896480331,1,"大安區","龍圖里"
"375","DV00657246",2,1.69976666666667,1,"信義區","松友里"
"396","DV00667395",2,1.57223484480079,1,"中山區","朱園里"
"409","DV00668612",2,1.5205924972666,1,"內湖區","港華里"
"410","DV00668652",2,1.68383333333333,1,"大同區","鄰江里"
"434","DV00675809",2,1.54239852369852,1,"內湖區","安泰里"
"438","DV00676381",2,1.6068,1,"士林區","葫蘆里"
"447","DV00677711",2,1.55491904761905,1,"松山區","吉祥里"
"461","DV00679250",2,1.72629714817125,1,"松山區","美仁里"
"466","DV00679967",2,1.53639030702191,1,"北投區","吉慶里"
"475","DV00680975",2,1.74138607503608,1,"中正區","螢圃里"
"477","DV00681249",2,1.66320328252263,1,"內湖區","港墘里"
"482","DV00682199",2,1.65259881037435,1,"大安區","龍圖里"
"486","DV00683486",2,1.54887747931617,1,"萬華區","新忠里"
"496","DV00686106",2,1.67901064327829,1,"內湖區","五分里"
"507","DV00688200",2,1.51249523809524,1,"中正區","螢雪里"
"514","DV00689777",2,1.60321717171717,1,"北投區","智仁里"
"522","DV00691162",2,1.64572017928677,1,"中山區","恆安里"
"526","DV00692956",2,1.50983333333333,1,"北投區","福興里"
"529","DV00693586",2,1.57304761904762,1,"內湖區","西湖里"
"532","DV00694320",2,1.56337716993152,1,"南港區","西新里"
"534","DV00694607",2,1.50668095238095,1,"大安區","昌隆里"
"544","DV00695398",2,1.65120572646791,1,"內湖區","港富里"
"545","DV00695409",2,1.51327222222222,1,"北投區","裕民里"
"553","DV00696426",2,1.5573,1,"士林區","義信里"
"560","DV00697624",2,1.59918218448218,1,"萬華區","新安里"
"561","DV00697835",2,1.53147270217705,1,"大安區","義安里"
"570","DV00699897",2,1.53118897447582,1,"北投區","立農里"
"591","DV00703491",2,1.52311091819747,1,"內湖區","五分里"
"593","DV00703973",2,1.50506984126984,1,"內湖區","紫星里"
"604","DV00705910",2,1.54226666666667,1,"萬華區","興德里"
"613","DV00707664",2,1.7334613969364,1,"萬華區","新安里"
"620","DV00709618",2,1.52941111111111,1,"士林區","福佳里"
"645","DV00715301",2,1.54670555555556,1,"中山區","江山里"
"647","DV00715571",2,1.57702203548086,1,"內湖區","瑞光里"
"653","DV00717441",2,1.68204588744589,1,"文山區","萬和里"
"656","DV00718007",2,1.64802004662005,1,"內湖區","碧山里"
"661","DV00718574",2,1.50846237580567,1,"萬華區","新安里"
"666","DV00719382",2,1.63447222222222,1,"南港區","新富里"
"668","DV00719936",2,1.50615,1,"中正區","富水里"
"670","DV00720110",2,1.678374813516,1,"南港區","東新里"
"694","DV00724429",2,1.5951,1,"士林區","社新里"
"711","DV00726822",2,1.60128095238095,1,"內湖區","西湖里"
"720","DVP0136896",2,1.56511632507278,1,"大同區","斯文里"
"727","DVP0137674",2,1.5597,1,"文山區","樟文里"
"741","DVP0138750",2,1.62613333333333,1,"士林區","福志里"
"743","DVP0138760",2,1.78744576859922,1,"北投區","石牌里"
"773","DVP0141525",2,1.7399425545469,1,"松山區","吉祥里"
"779","DVP0142421",2,1.70924248505118,1,"大安區","全安里"
"791","DVP0142922",2,1.67370199221963,1,"文山區","興安里"
"807","DVP0144705",2,1.51066666666667,1,"士林區","天祿里"
"812","DVP0145294",2,1.54045323842824,1,"大安區","誠安里"
"813","DVP0145296",2,1.5091921029241,1,"大安區","誠安里"
"818","DVP0146286",2,1.53685934065934,1,"北投區","一德里"
"822","DVP0146636",2,1.69212051661788,1,"萬華區","和平里"
"826","DVP0147258",2,1.50559841269841,1,"松山區","安平里"
"827","DVP0147269",2,1.92449637747102,1,"松山區","新益里"
"829","DVP0147619",2,1.6043851037851,1,"信義區","五全里"
"848","DVP0148982",2,1.50684213563992,1,"大同區","重慶里"
"855","DVP0149250",2,1.68834121224991,1,"萬華區","銘德里"
"857","DVP0150146",2,1.59498802308802,1,"北投區","榮華里"
"863","DVP0151449",2,1.62171322816968,1,"士林區","社園里"
"864","DVP0151462",2,1.72802594604881,1,"松山區","東光里"
"866","DVP0151591",2,1.60691616161616,1,"內湖區","石潭里"
"872","DVP0152178",2,1.51681666666667,1,"文山區","興家里"
"875","DVP0152373",2,1.59583711484594,1,"中正區","文盛里"
"877","DVP0152450",2,1.74993549295233,1,"文山區","博嘉里"
"879","DVP0152800",2,1.54375,1,"萬華區","頂碩里"
"886","DVP0153051",2,1.51597948717949,1,"士林區","三玉里"
"900","DVP0154511",2,1.68361330624491,1,"大安區","芳和里"
"905","DVP0155126",2,1.68140548340548,1,"北投區","榮光里"
"909","DVP0155760",2,1.74237986869397,1,"北投區","一德里"
"910","DVP0155761",2,1.56024761904762,1,"士林區","東山里"
"911","DVP0155766",2,1.89191928302084,1,"北投區","一德里"
"929","DVP0157320",2,1.66087548887894,1,"士林區","東山里"
"933","DVP0157814",2,1.57664285714286,1,"文山區","興豐里"
"940","DVP0158545",2,1.67704761904762,1,"內湖區","東湖里"
"942","DVP0158755",2,1.54476666666667,1,"中正區","新營里"
"947","DVP0159430",2,1.6315317016317,1,"內湖區","湖濱里"
"979","DVP0162387",2,1.50013917748918,1,"內湖區","港華里"
"986","DVP0163426",2,1.5970696969697,1,"內湖區","葫洲里"
"996","DVP0164248",2,1.54373333333333,1,"松山區","民有里"
"1010","DVP0165468",2,1.68648519509165,1,"大安區","臨江里"
"1011","DVP0165596",2,1.63536205285942,1,"萬華區","糖?里"
"1012","DVP0165970",2,1.56225333333333,1,"中正區","南福里"
"1026","DVP0166793",2,1.58132655677656,1,"中山區","康樂里"
"1033","DVP0167403",2,1.63293333333333,1,"士林區","福佳里"
"1040","DVP0168172",2,1.57560827505828,1,"文山區","明義里"
"1041","DVP0168225",2,1.5291,1,"大同區","鄰江里"
"1065","DVP0170820",2,1.73667991042064,1,"萬華區","新安里"
"1076","DVP0171548",2,1.55592220807866,1,"北投區","清江里"
"1078","DVP0171705",2,1.50140064945947,1,"松山區","鵬程里"
"1081","DVP0171917",2,1.61226428571429,1,"松山區","民有里"
"1082","DVP0171918",2,1.54682969089734,1,"士林區","天玉里"
"1090","DVP0172791",2,1.50019063159063,1,"士林區","社新里"
"1093","DVP0172999",2,1.55134517704518,1,"北投區","中和里"
"1103","DVP0173733",2,1.52716666666667,1,"大安區","龍圖里"
"1114","DVP0174870",2,1.6704064516129,1,"內湖區","葫洲里"
"1121","DVP0175252",2,1.64331465795187,1,"信義區","三張里"
"1122","DVP0175254",2,1.56451273726274,1,"信義區","三張里"
"1125","DVP0175922",2,1.55538333333333,1,"大安區","全安里"
"1127","DVP0175928",2,1.58769991674992,1,"大安區","全安里"
"1137","DVP0176546",2,1.6705,1,"松山區","新東里"
"1145","DVP0177444",2,1.66109567099567,1,"士林區","天山里"
"1155","DVP0178989",2,1.60720290388356,1,"北投區","清江里"
"1156","DVP0178990",2,1.648069544076,1,"大安區","龍圖里"
"1157","DVP0179060",2,1.55664105339105,1,"大同區","星明里"
"1158","DVP0179065",2,1.70969693639694,1,"大同區","星明里"
"1165","DVP0179492",2,1.67663717241364,1,"士林區","社園里"
"1187","DVP0181984",2,1.55403572164795,1,"中山區","恆安里"
"1198","DVP0183567",2,1.61999090909091,1,"大同區","保安里"
"1199","DVP0183599",2,1.65785826771619,1,"北投區","開明里"
"1204","DVP0183934",2,1.59311466420574,1,"士林區","福華里"
"1205","DVP0184016",2,1.59366666666667,1,"內湖區","金龍里"
"1212","DVP0184565",2,1.77540481614709,1,"北投區","中和里"
"1213","DVP0184587",2,1.54372988765399,1,"士林區","福順里"
"1232","DVP0185942",2,1.63435792540793,1,"大安區","敦煌里"
"1252","DVP0187732",2,1.58760158730159,1,"北投區","稻香里"
"1255","DVP0187827",2,1.58518815628816,1,"內湖區","五分里"
"1269","DVP0188975",2,1.54866726230082,1,"信義區","西村里"
"1277","DVP0189375",2,1.67940791963806,1,"大安區","通安里"
"1282","DVP0189602",2,1.54675235669219,1,"大安區","黎和里"
"1289","DVP0190036",2,1.58067546429956,1,"大同區","至聖里"
"1290","DVP0190040",2,1.62982099634665,1,"大同區","至聖里"
"1291","DVP0190354",2,1.5755,1,"內湖區","石潭里"
"1301","DVP0191282",2,1.57239047619048,1,"南港區","東新里"
"1306","DVP0191675",2,1.81334507198228,1,"士林區","福林里"
"1308","DVP0191908",2,1.54288296703297,1,"士林區","天和里"
"1326","DVP0193440",2,1.6015,1,"北投區","裕民里"
"1332","DVP0194037",2,1.52691666666667,1,"文山區","興業里"
"1338","DVP0194552",2,1.59519450549451,1,"大同區","重慶里"
"1355","DVP0195606",2,1.64451887846453,1,"大安區","古莊里"
"1362","DVP0196009",2,1.53316666666667,1,"大安區","群賢里"
"1371","DVP0197076",2,1.77115896087117,1,"內湖區","港墘里"
"1373","DVP0197599",2,1.53138148231697,1,"內湖區","東湖里"
"1378","DVP0198184",2,1.61636651717431,1,"士林區","福志里"
"1385","DVP0198627",2,1.6664,1,"北投區","榮華里"
"1391","DVP0198967",2,1.7284823010323,1,"士林區","葫蘆里"
"1407","DVP0200691",2,1.51628095238095,1,"內湖區","五分里"
"1429","DVP0202734",2,1.58636779201898,1,"北投區","中央里"
"1430","DVP0202848",2,1.56289778788463,1,"大安區","黎元里"
"1435","DVP0203121",2,1.50190534615256,1,"松山區","慈祐里"
"1439","DVP0203477",2,1.56190285028981,1,"松山區","龍田里"
"1443","DVP0203559",2,1.7547,1,"內湖區","安湖里"
"1451","DVP0204752",2,1.59139235588972,1,"大安區","德安里"
"1467","DVP0205608",2,1.65025609461413,1,"大同區","延平里"
"1472","DVP0205749",2,1.65802326007326,1,"大安區","龍生里"
"1473","DVP0205756",2,1.80506466907877,1,"中正區","廈安里"
"1476","DVP0205954",2,1.63305555555556,1,"中正區","河堤里"
"1482","DVP0206633",2,1.65045757575758,1,"士林區","蘭興里"
"1483","DVP0206653",2,1.70078360853706,1,"中山區","中原里"
"1485","DVP0206676",2,1.70078360853706,1,"中山區","中原里"
"1489","DVP0207327",2,1.53544444444444,1,"北投區","榮光里"
"1490","DVP0207407",2,1.56652982322115,1,"北投區","中庸里"
"1499","DVP0207907",2,1.80676021004769,1,"南港區","東新里"
"1504","DVP0208283",2,1.52603333333333,1,"北投區","關渡里"
"1510","DVP0208694",2,1.56663333333333,1,"北投區","中心里"
"1517","DVP0209058",2,1.72991466722877,1,"北投區","文化里"
"1518","DVP0209063",2,1.55692918213908,1,"北投區","稻香里"
"1520","DVP0209287",2,1.85139466619213,1,"萬華區","新忠里"
"1525","DVP0209903",2,1.54245555555556,1,"內湖區","石潭里"
"1530","DVP0210656",2,1.52477922077922,1,"萬華區","福音里"
"1536","DVP0211106",2,1.66662322687983,1,"士林區","天和里"
"1556","DVP0212736",2,1.50326111111111,1,"內湖區","港墘里"
"1558","DVP0212906",2,1.56891904761905,1,"士林區","新安里"
"1570","DVP0213421",2,1.74872037278075,1,"士林區","天祿里"
"1577","DVP0213644",2,1.5295126984127,1,"萬華區","新安里"
"1579","DVP0213660",2,1.60692224083106,1,"士林區","天和里"
"1583","DVP0213927",2,1.59373590526587,1,"士林區","福林里"
"1584","DVP0214112",2,1.52492240537241,1,"士林區","翠山里"
"1589","DI00400238",1,1.82298628418365,1,"文山區","華興里"
"1616","DI00401023",1,1.63315714285714,1,"松山區","莊敬里"
"1634","DI00401536",1,1.61036400710401,1,"文山區","樟文里"
"1646","DI00402127",1,1.54243333333333,1,"大安區","敦煌里"
"1660","DI00402529",1,1.537,1,"北投區","立農里"
"1663","DI00402643",1,1.52766666666667,1,"文山區","興福里"
"1702","DI00403939",1,1.8101684540755,1,"北投區","永明里"
"1715","DI00404255",1,1.57663333333333,1,"文山區","樟林里"
"1716","DI00404291",1,1.51018968253968,1,"大安區","龍陣里"
"1717","DI00404302",1,1.51786666666667,1,"萬華區","日善里"
"1734","DI00404868",1,1.64458583745562,1,"文山區","明興里"
"1748","DI00405083",1,1.53729158815041,1,"內湖區","湖興里"
"1749","DI00405089",1,1.60333974195739,1,"南港區","成福里"
"1775","DI00405828",1,1.70578086913087,1,"中正區","螢雪里"
"1778","DI00405908",1,1.50796666666667,1,"北投區","永明里"
"1783","DI00406052",1,1.58365396825397,1,"萬華區","糖?里"
"1823","DI00407033",1,1.54488333333333,1,"南港區","玉成里"
"1841","DI00407369",1,1.52418124098124,1,"南港區","重陽里"
"1844","DI00407412",1,1.50780957375957,1,"信義區","松光里"
"1850","DI00407465",1,1.83525163403472,1,"萬華區","雙園里"
"1852","DI00407546",1,1.57402573681624,1,"士林區","天玉里"
"1854","DI00407586",1,1.55830158730159,1,"文山區","興邦里"
"1883","DI00408213",1,1.54878095238095,1,"內湖區","港華里"
"1891","DI00408397",1,1.54513892773893,1,"北投區","中央里"
"1894","DI00408492",1,1.58255,1,"大安區","民炤里"
"1901","DI00408600",1,1.53731428571429,1,"文山區","興福里"
"1942","DI00409260",1,1.73651404395749,1,"士林區","名山里"
"1956","DI00409449",1,1.51258484848485,1,"內湖區","麗山里"
"1959","DI00409455",1,1.55841563146998,1,"文山區","木柵里"
"1964","DI00409607",1,1.52129525096103,1,"內湖區","五分里"
"1974","DI00409739",1,1.50753333333333,1,"信義區","黎平里"
"1995","DI00410189",1,1.5035119047619,1,"文山區","忠順里"
"1996","DI00410191",1,1.51649023464458,1,"文山區","忠順里"
"2021","DV00579204",1,1.58726133126133,1,"士林區","名山里"
"2029","DV00580486",1,1.50374163614164,1,"內湖區","瑞陽里"
"2031","DV00581222",1,1.67270303030303,1,"文山區","萬芳里"
"2047","DV00584466",1,1.5255188034188,1,"內湖區","西湖里"
"2055","DV00586324",1,1.59897961054646,1,"文山區","興福里"
"2069","DV00589923",1,1.51006666666667,1,"文山區","忠順里"
"2070","DV00590075",1,1.64998701298701,1,"內湖區","紫陽里"
"2073","DV00590401",1,1.53046129506564,1,"中山區","晴光里"
"2121","DV00604581",1,1.68453393159612,1,"松山區","精忠里"
"2139","DV00607384",1,1.5183905982906,1,"大安區","龍陣里"
"2168","DV00615481",1,1.53573296703297,1,"士林區","忠誠里"
"2195","DV00621622",1,1.53703333333333,1,"信義區","嘉興里"
"2232","DV00633857",1,1.5474,1,"中山區","復華里"
"2239","DV00634769",1,1.51032597113032,1,"士林區","仁勇里"
"2255","DV00637767",1,1.51862222222222,1,"信義區","五常里"
"2257","DV00639353",1,1.6665942057942,1,"文山區","萬祥里"
"2262","DV00640065",1,1.55256666666667,1,"內湖區","安泰里"
"2286","DV00645381",1,1.58308787878788,1,"大安區","和安里"
"2291","DV00646571",1,1.59863095238095,1,"大同區","建明里"
"2303","DV00650743",1,1.51066666666667,1,"內湖區","康寧里"
"2309","DV00652226",1,1.55694562770563,1,"中山區","中央里"
"2310","DV00652483",1,1.50055,1,"南港區","新富里"
"2318","DV00655361",1,1.52125342864013,1,"內湖區","港富里"
"2328","DV00658043",1,1.70885604617039,1,"信義區","三犁里"
"2355","DV00663641",1,1.51770885225885,1,"信義區","興雅里"
"2366","DV00665784",1,1.53625757575758,1,"南港區","舊莊里"
"2370","DV00666181",1,1.57613333333333,1,"信義區","中行里"
"2371","DV00666313",1,1.50560692640693,1,"信義區","黎安里"
"2378","DV00666599",1,1.52179420289855,1,"內湖區","清白里"
"2382","DV00666964",1,1.64582167113932,1,"大安區","龍圖里"
"2406","DV00668483",1,1.62081592193622,1,"士林區","福華里"
"2415","DV00669311",1,1.6135,1,"松山區","中崙里"
"2437","DV00671518",1,1.53996666666667,1,"南港區","合成里"
"2443","DV00672327",1,1.61581357063767,1,"士林區","明勝里"
"2447","DV00672670",1,1.52153748473748,1,"大安區","住安里"
"2448","DV00672732",1,1.54427816878462,1,"文山區","萬隆里"
"2452","DV00672877",1,1.55093333333333,1,"文山區","順興里"
"2455","DV00673217",1,1.53423218559218,1,"文山區","興福里"
"2470","DV00674380",1,1.53893650793651,1,"文山區","樟新里"
"2510","DV00677587",1,1.50026666666667,1,"萬華區","新和里"
"2515","DV00678054",1,1.62530332421202,1,"南港區","中研里"
"2516","DV00678141",1,1.51582741953387,1,"信義區","雙和里"
"2525","DV00678488",1,1.63762862137862,1,"中山區","朱崙里"
"2543","DV00679833",1,1.569087653452,1,"南港區","新富里"
"2544","DV00680154",1,1.56397807017544,1,"士林區","蘭雅里"
"2551","DV00680869",1,1.51167352647353,1,"中正區","螢雪里"
"2562","DV00681886",1,1.5737,1,"大安區","義安里"
"2577","DV00683027",1,1.68443242046403,1,"中山區","朱崙里"
"2586","DV00683458",1,1.57901428571429,1,"士林區","百齡里"
"2589","DV00683722",1,1.57704608169608,1,"大同區","至聖里"
"2594","DV00684248",1,1.75142393162393,1,"萬華區","興德里"
"2602","DV00684768",1,1.5136925004614,1,"士林區","後港里"
"2619","DV00686308",1,1.57788497747301,1,"中正區","新營里"
"2622","DV00686699",1,1.54273382815793,1,"松山區","介壽里"
"2656","DV00690261",1,1.60608893883894,1,"信義區","黎安里"
"2661","DV00690472",1,1.59433093018093,1,"士林區","福林里"
"2669","DV00691017",1,1.57610151515152,1,"大安區","虎嘯里"
"2679","DV00691773",1,1.5136119047619,1,"大安區","大學里"
"2680","DV00691796",1,1.57060872171307,1,"內湖區","港都里"
"2698","DV00693381",1,1.61321428571429,1,"中山區","大直里"
"2710","DV00693896",1,1.61104157917879,1,"內湖區","樂康里"
"2757","DV00696633",1,1.53275567765568,1,"萬華區","富民里"
"2761","DV00696885",1,1.50319420289855,1,"中山區","行仁里"
"2765","DV00697346",1,1.5235,1,"士林區","陽明里"
"2777","DV00698056",1,1.55376531090804,1,"松山區","莊敬里"
"2796","DV00700556",1,1.58376053831789,1,"松山區","吉仁里"
"2807","DV00701276",1,1.57822742213484,1,"松山區","中正里"
"2808","DV00701349",1,1.57491428571429,1,"文山區","景慶里"
"2828","DV00702547",1,1.53834781746032,1,"大同區","玉泉里"
"2831","DV00702739",1,1.56440973529173,1,"中山區","成功里"
"2837","DV00702983",1,1.58378095238095,1,"松山區","中正里"
"2839","DV00703123",1,1.70837171717172,1,"南港區","萬福里"
"2849","DV00704141",1,1.55278046814297,1,"南港區","合成里"
"2859","DV00704388",1,1.61336210494931,1,"中山區","劍潭里"
"2861","DV00704654",1,1.67575757575758,1,"南港區","百福里"
"2871","DV00705393",1,1.5444619047619,1,"中正區","龍興里"
"2874","DV00705654",1,1.6945,1,"中正區","幸福里"
"2917","DV00709228",1,1.5859,1,"內湖區","碧山里"
"2922","DV00709407",1,1.5503766590389,1,"南港區","成福里"
"2928","DV00710130",1,1.79341992351957,1,"內湖區","湖元里"
"2944","DV00711151",1,1.7295610451675,1,"大安區","龍圖里"
"2964","DV00712294",1,1.58653371489622,1,"大同區","老師里"
"2971","DV00712689",1,1.50044599486304,1,"中正區","新營里"
"2987","DV00714062",1,1.52528764568765,1,"信義區","景新里"
"2991","DV00714423",1,1.67701416626851,1,"大安區","法治里"
"3025","DV00716804",1,1.63256666666667,1,"南港區","新光里"
"3052","DV00720228",1,1.5650740563784,1,"大同區","老師里"
"3065","DV00721158",1,1.60301633337423,1,"大安區","大學里"
"3113","DV00724731",1,1.93481689029153,1,"中正區","幸福里"
"3124","DV00725316",1,1.6781253968254,1,"信義區","松友里"
"3131","DV00726110",1,1.5634,1,"文山區","順興里"
"3134","DV00726477",1,1.56341666666667,1,"文山區","萬有里"
"3136","DV00726805",1,1.5170534760015,1,"中山區","中山里"
"3148","DVP0136667",1,1.52737168264235,1,"北投區","八仙里"
"3157","DVP0137154",1,1.5828,1,"北投區","振華里"
"3159","DVP0137299",1,1.56959291819292,1,"大安區","福住里"
"3164","DVP0137462",1,1.52976251167134,1,"信義區","景新里"
"3166","DVP0137509",1,1.59273372434018,1,"中山區","朱崙里"
"3183","DVP0138151",1,1.51111261516261,1,"大安區","新龍里"
"3193","DVP0138392",1,1.51342990251636,1,"大同區","光能里"
"3196","DVP0138535",1,1.61939152350917,1,"北投區","立農里"
"3223","DVP0139394",1,1.55533799348799,1,"大安區","民炤里"
"3229","DVP0139769",1,1.63687094610816,1,"松山區","鵬程里"
"3234","DVP0139854",1,1.60453968253968,1,"文山區","萬年里"
"3241","DVP0140028",1,1.5601247403783,1,"內湖區","港都里"
"3272","DVP0141290",1,1.56743530913531,1,"萬華區","銘德里"
"3306","DVP0143205",1,1.53168105478751,1,"松山區","新聚里"
"3319","DVP0143996",1,1.55317777777778,1,"大同區","建泰里"
"3333","DVP0144849",1,1.82165095238095,1,"大安區","龍生里"
"3366","DVP0146305",1,1.52863333333333,1,"內湖區","港墘里"
"3367","DVP0146382",1,1.69773974358974,1,"文山區","樟文里"
"3379","DVP0146784",1,1.60441923076923,1,"大同區","延平里"
"3383","DVP0146976",1,1.60724487179487,1,"文山區","興福里"
"3388","DVP0147366",1,1.54934343938147,1,"文山區","明義里"
"3394","DVP0147792",1,1.50436666666667,1,"大安區","車層里"
"3397","DVP0147902",1,1.56822472527473,1,"萬華區","菜園里"
"3435","DVP0149670",1,1.53130519480519,1,"中正區","龍光里"
"3445","DVP0150165",1,1.7226424963925,1,"中正區","忠勤里"
"3455","DVP0150484",1,1.62806227106227,1,"士林區","天福里"
"3456","DVP0150562",1,1.72802594604881,1,"中正區","永昌里"
"3458","DVP0150634",1,1.54037777777778,1,"信義區","國業里"
"3465","DVP0150813",1,1.51116367521368,1,"松山區","龍田里"
"3470","DVP0151314",1,1.65204260318171,1,"中正區","廈安里"
"3485","DVP0151692",1,1.5792,1,"內湖區","石潭里"
"3488","DVP0151732",1,1.52576363636364,1,"士林區","德行里"
"3491","DVP0151844",1,1.82937306719054,1,"大安區","龍門里"
"3493","DVP0151961",1,1.54533333333333,1,"大同區","至聖里"
"3505","DVP0152688",1,1.70735854861458,1,"中正區","林興里"
"3507","DVP0152714",1,1.66241424686425,1,"中正區","光復里"
"3508","DVP0152741",1,1.522,1,"松山區","鵬程里"
"3510","DVP0152880",1,1.53353333333333,1,"士林區","聖山里"
"3517","DVP0153187",1,1.6891905216603,1,"士林區","天玉里"
"3518","DVP0153219",1,1.51647893322458,1,"大同區","民權里"
"3523","DVP0153433",1,1.53906666666667,1,"南港區","東明里"
"3529","DVP0153731",1,1.70944626809972,1,"南港區","百福里"
"3539","DVP0154114",1,1.63073206943289,1,"萬華區","忠德里"
"3541","DVP0154217",1,1.65785826771619,1,"內湖區","湖興里"
"3545","DVP0154358",1,1.55298058608059,1,"大安區","民炤里"
"3559","DVP0155000",1,1.54196666666667,1,"文山區","政大里"
"3563","DVP0155152",1,1.58038888888889,1,"中正區","幸福里"
"3571","DVP0155335",1,1.52365984609706,1,"松山區","福成里"
"3588","DVP0155921",1,1.60152824093469,1,"松山區","吉祥里"
"3597","DVP0156162",1,1.61745079365079,1,"信義區","國業里"
"3601","DVP0156230",1,1.50107653983444,1,"南港區","新富里"
"3603","DVP0156243",1,1.62888023730434,1,"大安區","芳和里"
"3608","DVP0156368",1,1.61971558193441,1,"南港區","新富里"
"3636","DVP0157943",1,1.59536984126984,1,"內湖區","五分里"
"3643","DVP0158294",1,1.61448492063492,1,"萬華區","銘德里"
"3652","DVP0158650",1,1.53811989715711,1,"南港區","百福里"
"3660","DVP0159247",1,1.55215664335664,1,"大安區","建倫里"
"3671","DVP0159550",1,1.74,1,"內湖區","瑞陽里"
"3679","DVP0159696",1,1.73895000208364,1,"信義區","三犁里"
"3690","DVP0160253",1,1.59358127591141,1,"文山區","樟樹里"
"3691","DVP0160284",1,1.60291369047619,1,"中山區","行仁里"
"3698","DVP0160643",1,1.66458845785441,1,"中山區","劍潭里"
"3705","DVP0160954",1,1.6186,1,"南港區","萬福里"
"3706","DVP0160973",1,1.59053798396944,1,"中正區","龍光里"
"3712","DVP0161206",1,1.76020402340123,1,"萬華區","仁德里"
"3729","DVP0161889",1,1.58976666666667,1,"中山區","行仁里"
"3738","DVP0162279",1,1.64237564102564,1,"文山區","樟樹里"
"3746","DVP0162512",1,1.77825402745403,1,"大安區","黎元里"
"3751","DVP0162973",1,1.6727457999849,1,"北投區","永和里"
"3756","DVP0163182",1,1.68330333333333,1,"大安區","龍生里"
"3758","DVP0163350",1,1.57314029166912,1,"文山區","萬美里"
"3765","DVP0163818",1,1.59019090909091,1,"士林區","天母里"
"3787","DVP0164871",1,1.64031835637481,1,"南港區","合成里"
"3797","DVP0165437",1,1.58973333333333,1,"文山區","興業里"
"3814","DVP0165972",1,1.69067596818272,1,"士林區","社子里"
"3816","DVP0166011",1,1.74743006633889,1,"信義區","雅祥里"
"3824","DVP0166439",1,1.64738586322232,1,"松山區","吉仁里"
"3826","DVP0166630",1,1.6485306440871,1,"士林區","天福里"
"3827","DVP0166867",1,1.56243333333333,1,"南港區","百福里"
"3828","DVP0166899",1,1.5305316706777,1,"松山區","莊敬里"
"3853","DVP0167658",1,1.57535034965035,1,"中山區","朱馥里"
"3885","DVP0169143",1,1.53186121351767,1,"中正區","建國里"
"3894","DVP0169576",1,1.61831843711844,1,"文山區","興旺里"
"3895","DVP0169580",1,1.61948680033417,1,"大同區","大有里"
"3907","DVP0170115",1,1.54736568627451,1,"大同區","星明里"
"3914","DVP0170361",1,1.59179166666667,1,"文山區","興福里"
"3917","DVP0170469",1,1.53889682539683,1,"士林區","社園里"
"3923","DVP0170719",1,1.5046,1,"內湖區","樂康里"
"3925","DVP0170741",1,1.61212222222222,1,"內湖區","南湖里"
"3940","DVP0171308",1,1.62878860613071,1,"北投區","中央里"
"3948","DVP0171785",1,1.67370199221963,1,"信義區","黎平里"
"3950","DVP0171955",1,1.54415526695527,1,"士林區","天和里"
"3973","DVP0172956",1,1.55109349076849,1,"信義區","三張里"
"3978","DVP0173001",1,1.59171526251526,1,"信義區","黎安里"
"3989","DVP0173447",1,1.55194120236489,1,"中正區","文北里"
"3990","DVP0173454",1,1.51698596264846,1,"萬華區","和平里"
"4001","DVP0173907",1,1.62721349206349,1,"士林區","天山里"
"4023","DVP0174961",1,1.66695714285714,1,"南港區","合成里"
"4041","DVP0175634",1,1.63926666666667,1,"大安區","群英里"
"4049","DVP0175905",1,1.62391541504305,1,"大安區","民輝里"
"4068","DVP0176885",1,1.5733130502774,1,"松山區","中正里"
"4076","DVP0177218",1,1.51262380952381,1,"松山區","慈祐里"
"4087","DVP0177753",1,1.51270646020646,1,"大安區","光信里"
"4100","DVP0178101",1,1.54695952380952,1,"文山區","萬美里"
"4103","DVP0178183",1,1.52282857142857,1,"文山區","興旺里"
"4105","DVP0178186",1,1.79341992351957,1,"文山區","興豐里"
"4106","DVP0178196",1,1.56047857986019,1,"文山區","興豐里"
"4127","DVP0179263",1,1.60393333333333,1,"中正區","南福里"
"4154","DVP0180198",1,1.71950770007205,1,"大安區","群賢里"
"4164","DVP0180625",1,1.77713748105343,1,"士林區","社新里"
"4166","DVP0180864",1,1.80531610841767,1,"文山區","興家里"
"4169","DVP0181105",1,1.63207842878249,1,"南港區","中南里"
"4194","DVP0182423",1,1.53624030830281,1,"內湖區","金瑞里"
"4195","DVP0182427",1,1.50528351648352,1,"萬華區","孝德里"
"4203","DVP0183062",1,1.5604307192785,1,"松山區","自強里"
"4218","DVP0183620",1,1.51330909090909,1,"萬華區","興德里"
"4220","DVP0183670",1,1.78754755188459,1,"信義區","興隆里"
"4221","DVP0183711",1,1.51933919413919,1,"南港區","東新里"
"4228","DVP0183960",1,1.63213333333333,1,"南港區","重陽里"
"4232","DVP0184269",1,1.60498156135803,1,"大安區","民輝里"
"4240","DVP0184544",1,1.57596943067825,1,"北投區","奇岩里"
"4268","DVP0185710",1,1.63675977180714,1,"文山區","興豐里"
"4269","DVP0185737",1,1.57267898592635,1,"北投區","秀山里"
"4272","DVP0185765",1,1.55224749390395,1,"內湖區","瑞陽里"
"4275","DVP0185813",1,1.5004,1,"中山區","朱園里"
"4289","DVP0186424",1,1.56573492063492,1,"信義區","中坡里"
"4296","DVP0187042",1,1.65765476190476,1,"松山區","富錦里"
"4304","DVP0187410",1,1.57741818181818,1,"內湖區","週美里"
"4313","DVP0187902",1,1.53408536513366,1,"中正區","東門里"
"4317","DVP0187977",1,1.50517989239003,1,"士林區","明勝里"
"4334","DVP0188892",1,1.53715151515151,1,"南港區","中研里"
"4344","DVP0189553",1,1.56169517858975,1,"文山區","興業里"
"4354","DVP0189742",1,1.52033333333333,1,"中山區","聚盛里"
"4361","DVP0190016",1,1.56635064935065,1,"士林區","福德里"
"4370","DVP0190376",1,1.5083,1,"中山區","金泰里"
"4387","DVP0191362",1,1.53705317460317,1,"內湖區","行善里"
"4415","DVP0192521",1,1.57595079365079,1,"士林區","名山里"
"4417","DVP0192718",1,1.51433787878788,1,"士林區","富洲里"
"4421","DVP0192782",1,1.57630867465867,1,"文山區","興福里"
"4422","DVP0192789",1,1.51310869328588,1,"文山區","萬芳里"
"4435","DVP0193244",1,1.80767619047619,1,"南港區","合成里"
"4441","DVP0193572",1,1.81376800258565,1,"內湖區","瑞光里"
"4450","DVP0193822",1,1.70649377289377,1,"大安區","光信里"
"4453","DVP0193838",1,1.69223333333333,1,"文山區","博嘉里"
"4455","DVP0193928",1,1.50041507936508,1,"中正區","忠勤里"
"4461","DVP0194333",1,1.50580171923842,1,"內湖區","瑞陽里"
"4471","DVP0194994",1,1.62381313686314,1,"中山區","朱園里"
"4479","DVP0195288",1,1.52774382480265,1,"中山區","新福里"
"4481","DVP0195313",1,1.69135303030303,1,"中正區","板溪里"
"4482","DVP0195529",1,1.81725798891135,1,"信義區","中興里"
"4486","DVP0195674",1,1.58311144574158,1,"大同區","南芳里"
"4492","DVP0195788",1,1.5606442002442,1,"內湖區","港墘里"
"4503","DVP0196320",1,1.53801476509424,1,"萬華區","和德里"
"4516","DVP0196896",1,1.58203333333333,1,"信義區","三犁里"
"4519","DVP0196961",1,1.70655934482184,1,"文山區","木新里"
"4536","DVP0197594",1,1.51499761904762,1,"南港區","成福里"
"4545","DVP0197829",1,1.56331121971379,1,"中山區","下埤里"
"4559","DVP0198358",1,1.57574761904762,1,"士林區","永倫里"
"4563","DVP0198473",1,1.54386666666667,1,"內湖區","港華里"
"4566","DVP0198697",1,1.60318977115873,1,"士林區","福志里"
"4567","DVP0198752",1,1.60208412698413,1,"大同區","鄰江里"
"4577","DVP0198971",1,1.61913095238095,1,"士林區","葫蘆里"
"4590","DVP0199757",1,1.50247307990427,1,"萬華區","興德里"
"4615","DVP0200904",1,1.70156883782884,1,"文山區","景行里"
"4625","DVP0201238",1,1.56504296455179,1,"北投區","清江里"
"4630","DVP0201560",1,1.5597407040985,1,"大安區","德安里"
"4634","DVP0201643",1,1.50637421718067,1,"萬華區","和德里"
"4635","DVP0201712",1,1.66815795800125,1,"萬華區","華中里"
"4639","DVP0201873",1,1.5317919442876,1,"松山區","安平里"
"4640","DVP0201906",1,1.5287,1,"萬華區","福音里"
"4647","DVP0202192",1,1.58048120545097,1,"北投區","尊賢里"
"4648","DVP0202241",1,1.73640317290094,1,"大安區","龍泉里"
"4651","DVP0202412",1,1.51734761904762,1,"文山區","景仁里"
"4664","DVP0202910",1,1.51974603174603,1,"大安區","法治里"
"4666","DVP0203015",1,1.85139466619213,1,"士林區","蘭興里"
"4670","DVP0203087",1,1.5316763546798,1,"信義區","五全里"
"4676","DVP0203267",1,1.5800086506476,1,"南港區","聯成里"
"4677","DVP0203281",1,1.55864494949495,1,"萬華區","新和里"
"4690","DVP0203925",1,1.51690810943221,1,"士林區","葫蘆里"
"4693","DVP0204168",1,1.55065555555556,1,"信義區","四育里"
"4710","DVP0204892",1,1.59633333333333,1,"南港區","新光里"
"4729","DVP0205763",1,1.53013918128655,1,"信義區","五常里"
"4732","DVP0205861",1,1.51074199134199,1,"內湖區","湖興里"
"4737","DVP0206181",1,1.53313095238095,1,"大安區","義村里"
"4761","DVP0207411",1,1.55953333333333,1,"中正區","網溪里"
"4765","DVP0207625",1,1.55532159148042,1,"松山區","中崙里"
"4766","DVP0207626",1,1.60739328474801,1,"信義區","雅祥里"
"4769","DVP0207764",1,1.62658015873016,1,"中山區","江山里"
"4770","DVP0207826",1,1.63155396825397,1,"文山區","木新里"
"4771","DVP0207905",1,1.59113949579832,1,"中正區","螢圃里"
"4773","DVP0208005",1,1.62127079365079,1,"文山區","景東里"
"4781","DVP0208215",1,1.52474699581464,1,"中正區","網溪里"
"4789","DVP0208635",1,1.51910196078431,1,"信義區","泰和里"
"4803","DVP0209226",1,1.6556064516129,1,"內湖區","港富里"
"4807","DVP0209433",1,1.67160376615721,1,"大安區","建倫里"
"4834","DVP0210833",1,1.56943737373737,1,"大同區","光能里"
"4835","DVP0210919",1,1.50740476190476,1,"南港區","成福里"
"4845","DVP0211343",1,1.67901048166393,1,"文山區","指南里"
"4846","DVP0211344",1,1.69994381499726,1,"文山區","指南里"
"4847","DVP0211509",1,1.76217582170787,1,"信義區","三張里"
"4855","DVP0211702",1,1.52983333333333,1,"內湖區","瑞光里"
"4862","DVP0211876",1,1.54977619047619,1,"信義區","松友里"
"4863","DVP0212033",1,1.69105262515263,1,"士林區","天玉里"
"4866","DVP0212117",1,1.62904963369963,1,"松山區","中華里"
"4879","DVP0212620",1,1.93481689029153,1,"士林區","公館里"
"4883","DVP0212827",1,1.60888754774637,1,"大安區","古風里"
"4896","DVP0213459",1,1.53701428571429,1,"文山區","指南里"
"4898","DVP0213513",1,1.52569775641026,1,"中山區","金泰里"
"4899","DVP0213551",1,1.72653942611344,1,"松山區","介壽里"
"4906","DVP0213722",1,1.59705641677163,1,"內湖區","紫陽里"
"4919","DVP0214238",1,1.55309585980468,1,"萬華區","和平里"
"4921","DVP0214334",1,1.58053709156119,1,"萬華區","柳鄉里"
